/*
    The Krabat Adventure
    Copyright (C) 2001  Rapaki 
    http://www.rapaki.de

    This program is free software; you can redistribute it and/or modify
    it under the terms of the GNU General Public License as published by
    the Free Software Foundation; either version 2 of the License, or
    (at your option) any later version.

    This program is distributed in the hope that it will be useful,
    but WITHOUT ANY WARRANTY; without even the implied warranty of
    MERCHANTABILITY or FITNESS FOR A PARTICULAR PURPOSE.  See the
    GNU General Public License for more details.

    You should have received a copy of the GNU General Public License along
    with this program; if not, write to the Free Software Foundation, Inc.,
    51 Franklin Street, Fifth Floor, Boston, MA 02110-1301 USA.
*/

package de.codengine.krabat.main;

import de.codengine.krabat.platform.GenericImage;
import de.codengine.krabat.platform.GenericToolkitImpl;
import org.slf4j.Logger;
import org.slf4j.LoggerFactory;

public class ImageHelperStatic {
    private static final Logger log = LoggerFactory.getLogger(ImageHelperStatic.class);
    private final int charHeight = 21;  // Hoehe eines Zeichens in Pixeln
    private int[][] fontTable;
    private final GenericImage error;
    private static final int[] SPACEBITS = {0, 0, 0, 0, 0, 0, 0, 0,
            0, 0, 0, 0, 0, 0, 0, 0,
            0, 0, 0, 0, 0, 0, 0, 0,
            0, 0, 0, 0, 0, 0, 0, 0,
            0, 0, 0, 0, 0, 0, 0, 0,
            0, 0, 0, 0, 0, 0, 0, 0,
            0, 0, 0, 0, 0, 0, 0, 0,
            0, 0, 0, 0, 0, 0, 0, 0,
            0, 0, 0, 0, 0, 0, 0, 0,
            0, 0, 0, 0, 0, 0, 0, 0,
            0, 0, 0, 0, 0, 0, 0, 0,
            0, 0, 0, 0, 0, 0, 0, 0,
            0, 0, 0, 0, 0, 0, 0, 0,
            0, 0, 0, 0, 0, 0, 0, 0,
            0, 0, 0, 0, 0, 0, 0, 0,
            0, 0, 0, 0, 0, 0, 0, 0,
            0, 0, 0, 0, 0, 0, 0, 0,
            0, 0, 0, 0, 0, 0, 0, 0,
            0, 0, 0, 0, 0, 0, 0, 0,
            0, 0, 0, 0, 0, 0, 0, 0,
            0, 0, 0, 0, 0, 0, 0, 0};

    private static final int MAXGR = 240;

    private final byte[][] fontdata;

    // Konstruktor
    public ImageHelperStatic() {
        error = GenericToolkit.getDefaultToolkit().createImage(new GenericMemoryImageSource(8, charHeight, SPACEBITS, 0, 8));

        fontdata = new byte[255][];
    }

    public void cutFont(GenericImage[] allFont) {
        initCharData();
        for (int i = 1; i < MAXGR; i++) {
            if (fontTable[i][0] == 0) {
                allFont[i] = error;
            } else {
                allFont[i] = cutChar(i);
                GenericToolkit.getDefaultToolkit().prepareImage(allFont[i]);
                int stat = 0;
                while ((stat & GenericToolkitImpl.ALLBITS) == 0) {
                    stat = GenericToolkit.getDefaultToolkit().checkImage(allFont[i]);
                }
            }
        }
    }

    // Zuordnung aller ASCII-Zeichen einem Bildausschnitt
    private void initCharData() {
        fontTable = new int[MAXGR][3];

        for (int i = 0; i < MAXGR; i++) {
            fontTable[i][0] = 0;
            fontTable[i][1] = 0;
            fontTable[i][2] = 0;
        }

        // Li.Ob. X         Li.Ob. Y           Breite
        fontTable[97][0] = 12;
        fontTable[97][1] = 6;
        fontTable[97][2] = 12;  // a
        fontTable[98][0] = 30;
        fontTable[98][1] = 6;
        fontTable[98][2] = 12;  // b
        fontTable[99][0] = 49;
        fontTable[99][1] = 6;
        fontTable[99][2] = 10;  // c
        fontTable[100][0] = 67;
        fontTable[100][1] = 6;
        fontTable[100][2] = 13; // d
        fontTable[101][0] = 86;
        fontTable[101][1] = 6;
        fontTable[101][2] = 11; // e
        fontTable[102][0] = 104;
        fontTable[102][1] = 6;
        fontTable[102][2] = 10; // f
        fontTable[103][0] = 122;
        fontTable[103][1] = 10;
        fontTable[103][2] = 11; // g* 4 Pix unten
        fontTable[104][0] = 140;
        fontTable[104][1] = 6;
        fontTable[104][2] = 12; // h
        fontTable[105][0] = 159;
        fontTable[105][1] = 6;
        fontTable[105][2] = 8; // i
        fontTable[106][0] = 176;
        fontTable[106][1] = 10;
        fontTable[106][2] = 9; // j* 4
        fontTable[107][0] = 196;
        fontTable[107][1] = 6;
        fontTable[107][2] = 13; // k
        fontTable[108][0] = 214;
        fontTable[108][1] = 6;
        fontTable[108][2] = 8; // l
        fontTable[109][0] = 233;
        fontTable[109][1] = 6;
        fontTable[109][2] = 18; // m
        fontTable[110][0] = 270;
        fontTable[110][1] = 6;
        fontTable[110][2] = 13; // n
        fontTable[111][0] = 288;
        fontTable[111][1] = 6;
        fontTable[111][2] = 11; // o
        fontTable[112][0] = 12;
        fontTable[112][1] = 31;
        fontTable[112][2] = 12; // p* 4
        fontTable[113][0] = 30;
        fontTable[113][1] = 31;
        fontTable[113][2] = 13; // q* 4
        fontTable[114][0] = 49;
        fontTable[114][1] = 27;
        fontTable[114][2] = 11; // r
        fontTable[115][0] = 66;
        fontTable[115][1] = 27;
        fontTable[115][2] = 10; // s
        fontTable[116][0] = 86;
        fontTable[116][1] = 27;
        fontTable[116][2] = 9; // t
        fontTable[117][0] = 104;
        fontTable[117][1] = 27;
        fontTable[117][2] = 13; // u
        fontTable[118][0] = 122;
        fontTable[118][1] = 31;
        fontTable[118][2] = 12; // v
        fontTable[119][0] = 140;
        fontTable[119][1] = 27;
        fontTable[119][2] = 16; // w
        fontTable[120][0] = 159;
        fontTable[120][1] = 27;
        fontTable[120][2] = 12; // x
        fontTable[121][0] = 177;
        fontTable[121][1] = 31;
        fontTable[121][2] = 12; // y* 4
        fontTable[122][0] = 196;
        fontTable[122][1] = 27;
        fontTable[122][2] = 11; // z

        fontTable[65][0] = 159;
        fontTable[65][1] = 50;
        fontTable[65][2] = 17; // A
        fontTable[66][0] = 179;
        fontTable[66][1] = 56;
        fontTable[66][2] = 15; // B
        fontTable[67][0] = 197;
        fontTable[67][1] = 50;
        fontTable[67][2] = 15; // C
        fontTable[68][0] = 214;
        fontTable[68][1] = 50;
        fontTable[68][2] = 16; // D
        fontTable[69][0] = 233;
        fontTable[69][1] = 50;
        fontTable[69][2] = 16; // E
        fontTable[70][0] = 251;
        fontTable[70][1] = 50;
        fontTable[70][2] = 14; // F
        fontTable[71][0] = 271;
        fontTable[71][1] = 50;
        fontTable[71][2] = 17; // G
        fontTable[72][0] = 288;
        fontTable[72][1] = 50;
        fontTable[72][2] = 18; // H
        fontTable[73][0] = 12;
        fontTable[73][1] = 74;
        fontTable[73][2] = 10; // I
        fontTable[74][0] = 30;
        fontTable[74][1] = 76;
        fontTable[74][2] = 12; // J* 2
        fontTable[75][0] = 49;
        fontTable[75][1] = 74;
        fontTable[75][2] = 19; // K
        fontTable[76][0] = 69;
        fontTable[76][1] = 74;
        fontTable[76][2] = 15; // L
        fontTable[77][0] = 86;
        fontTable[77][1] = 74;
        fontTable[77][2] = 22; // M
        fontTable[78][0] = 122;
        fontTable[78][1] = 74;
        fontTable[78][2] = 18; // N
        fontTable[79][0] = 140;
        fontTable[79][1] = 74;
        fontTable[79][2] = 18; // O
        fontTable[80][0] = 159;
        fontTable[80][1] = 74;
        fontTable[80][2] = 14; // P
        fontTable[81][0] = 177;
        fontTable[81][1] = 78;
        fontTable[81][2] = 18; // Q* 4
        fontTable[82][0] = 196;
        fontTable[82][1] = 74;
        fontTable[82][2] = 18; // R
        fontTable[83][0] = 214;
        fontTable[83][1] = 74;
        fontTable[83][2] = 13; // S
        fontTable[84][0] = 234;
        fontTable[84][1] = 74;
        fontTable[84][2] = 14; // T
        fontTable[85][0] = 251;
        fontTable[85][1] = 74;
        fontTable[85][2] = 18; // U
        fontTable[86][0] = 270;
        fontTable[86][1] = 74;
        fontTable[86][2] = 17; // V
        fontTable[87][0] = 288;
        fontTable[87][1] = 74;
        fontTable[87][2] = 23; // W
        fontTable[88][0] = 12;
        fontTable[88][1] = 97;
        fontTable[88][2] = 17; // X
        fontTable[89][0] = 30;
        fontTable[89][1] = 97;
        fontTable[89][2] = 17; // Y
        fontTable[90][0] = 49;
        fontTable[90][1] = 97;
        fontTable[90][2] = 15; // Z

        // Deutsche Umlaute
        fontTable[219][0] = 214;
        fontTable[219][1] = 27;
        fontTable[219][2] = 12; // ?
        fontTable[220][0] = 233;
        fontTable[220][1] = 27;
        fontTable[220][2] = 13; // ?
        fontTable[221][0] = 251;
        fontTable[221][1] = 27;
        fontTable[221][2] = 11; // ?
        fontTable[222][0] = 270;
        fontTable[222][1] = 27;
        fontTable[222][2] = 12; // ?
        fontTable[223][0] = 67;
        fontTable[223][1] = 97;
        fontTable[223][2] = 16; // ?
        fontTable[224][0] = 86;
        fontTable[224][1] = 97;
        fontTable[224][2] = 18; // ?
        fontTable[225][0] = 104;
        fontTable[225][1] = 97;
        fontTable[225][2] = 18; // ?
        fontTable[226][0] = 122;
        fontTable[226][1] = 97;
        fontTable[226][2] = 13; // ?

        // Zahlen:
        fontTable[48][0] = 177;
        fontTable[48][1] = 118;
        fontTable[48][2] = 11; // 0
        fontTable[49][0] = 13;
        fontTable[49][1] = 118;
        fontTable[49][2] = 10; // 1
        fontTable[50][0] = 30;
        fontTable[50][1] = 118;
        fontTable[50][2] = 12; // 2
        fontTable[51][0] = 49;
        fontTable[51][1] = 118;
        fontTable[51][2] = 11; // 3
        fontTable[52][0] = 67;
        fontTable[52][1] = 118;
        fontTable[52][2] = 12; // 4
        fontTable[53][0] = 86;
        fontTable[53][1] = 118;
        fontTable[53][2] = 11; // 5
        fontTable[54][0] = 104;
        fontTable[54][1] = 118;
        fontTable[54][2] = 11; // 6
        fontTable[55][0] = 122;
        fontTable[55][1] = 118;
        fontTable[55][2] = 12; // 7
        fontTable[56][0] = 140;
        fontTable[56][1] = 118;
        fontTable[56][2] = 11; // 8
        fontTable[57][0] = 159;
        fontTable[57][1] = 118;
        fontTable[57][2] = 11; // 9

        // kleine sorbische Buchstaben:
        fontTable[200][0] = 288;
        fontTable[200][1] = 27;
        fontTable[200][2] = 10; // 'c
        fontTable[201][0] = 13;
        fontTable[201][1] = 53;
        fontTable[201][2] = 10; // ^c
        fontTable[202][0] = 30;
        fontTable[202][1] = 53;
        fontTable[202][2] = 11; // 'z
        fontTable[203][0] = 49;
        fontTable[203][1] = 50;
        fontTable[203][2] = 11; // ^z
        fontTable[204][0] = 67;
        fontTable[204][1] = 50;
        fontTable[204][2] = 11; // ^e
        fontTable[205][0] = 85;
        fontTable[205][1] = 50;
        fontTable[205][2] = 10; // 'l
        fontTable[206][0] = 105;
        fontTable[206][1] = 50;
        fontTable[206][2] = 13; // 'n
        fontTable[207][0] = 124;
        fontTable[207][1] = 53;
        fontTable[207][2] = 11; // ^r
        fontTable[208][0] = 141;
        fontTable[208][1] = 50;
        fontTable[208][2] = 10; // ^s
        fontTable[209][0] = 255;
        fontTable[209][1] = 6;
        fontTable[209][2] = 11; // 'o

        // grosse sorbische Buchstaben:
        fontTable[210][0] = 141;
        fontTable[210][1] = 97;
        fontTable[210][2] = 15; // 'C
        fontTable[211][0] = 160;
        fontTable[211][1] = 97;
        fontTable[211][2] = 15; // ^C
        fontTable[212][0] = 196;
        fontTable[212][1] = 97;
        fontTable[212][2] = 15; // 'Z
        fontTable[213][0] = 173;
        fontTable[213][1] = 169;
        fontTable[213][2] = 15; // ^Z
        fontTable[214][0] = 214;
        fontTable[214][1] = 97;
        fontTable[214][2] = 16; // ^E
        fontTable[215][0] = 233;
        fontTable[215][1] = 97;
        fontTable[215][2] = 15; // 'L
        fontTable[216][0] = 251;
        fontTable[216][1] = 97;
        fontTable[216][2] = 18; // 'N
        fontTable[217][0] = 270;
        fontTable[217][1] = 97;
        fontTable[217][2] = 18; // ^R
        fontTable[218][0] = 288;
        fontTable[218][1] = 97;
        fontTable[218][2] = 13; // ^S
        fontTable[227][0] = 26;
        fontTable[227][1] = 163;
        fontTable[227][2] = 18; // 'O

        // Sonderzeichen:
        fontTable[33][0] = 198;
        fontTable[33][1] = 118;
        fontTable[33][2] = 6;  // !
        fontTable[63][0] = 215;
        fontTable[63][1] = 118;
        fontTable[63][2] = 10;  // ?
        fontTable[44][0] = 12;
        fontTable[44][1] = 142;
        fontTable[44][2] = 7;  // ,  * 3
        fontTable[46][0] = 234;
        fontTable[46][1] = 118;
        fontTable[46][2] = 6;  // .
        fontTable[58][0] = 253;
        fontTable[58][1] = 118;
        fontTable[58][2] = 6;  // :
        fontTable[43][0] = 12;
        fontTable[43][1] = 163;
        fontTable[43][2] = 11;  // +
        fontTable[45][0] = 270;
        fontTable[45][1] = 118;
        fontTable[45][2] = 8;  // -
        fontTable[40][0] = 159;
        fontTable[40][1] = 142;
        fontTable[40][2] = 9;  // (  * 3
        fontTable[41][0] = 177;
        fontTable[41][1] = 142;
        fontTable[41][2] = 8;  // )  * 3
        fontTable[228][0] = 49;
        fontTable[228][1] = 142;
        fontTable[228][2] = 11; // " unten * 3
        fontTable[229][0] = 67;
        fontTable[229][1] = 139;
        fontTable[229][2] = 11; // " oben
        fontTable[230][0] = 67;
        fontTable[230][1] = 139;
        fontTable[230][2] = 5;  // ' oben
        fontTable[231][0] = 67;
        fontTable[231][1] = 139;
        fontTable[231][2] = 5;  // ' unten

        // niedersorbische Extrazeichen
        fontTable[235][0] = 195;
        fontTable[235][1] = 169;
        fontTable[235][2] = 13;  // Gross s mit strich
        fontTable[236][0] = 254;
        fontTable[236][1] = 169;
        fontTable[236][2] = 10;  // Klein s mit strich
        fontTable[237][0] = 288;
        fontTable[237][1] = 169;
        fontTable[237][2] = 18;  // Gross r mit strich
        fontTable[238][0] = 273;
        fontTable[238][1] = 169;
        fontTable[238][2] = 11;  // Klein r mit strich

        initFontData1();
    }

    private void initFontData1() {
        fontdata[74] = new byte[]{0x05, 0x05, 0x05, 0x05, 0x05, 0x05, 0x05, 0x05, 0x05, 0x05, 0x05, 0x05, 0x05, 0x05, 0x05, 0x05, 0x05, 0x05, 0x05, 0x05, 0x05, 0x05, 0x05, 0x05, 0x05, 0x05, 0x05, 0x05, 0x0a, 0x0a, 0x0a, 0x0a, 0x0a, 0x0a, 0x0a, 0x05, 0x05, 0x05, 0x05, 0x0a, 0x0f, 0x0f, 0x0f, 0x0f, 0x0f, 0x0f, 0x0f, 0x0a, 0x05, 0x05, 0x05, 0x05, 0x0a, 0x0a, 0x0f, 0x0f, 0x0f, 0x0a, 0x0a, 0x0a, 0x05, 0x05, 0x05, 0x05, 0x05, 0x0a, 0x0f, 0x0f, 0x0f, 0x0a, 0x0a, 0x0a, 0x05, 0x05, 0x05, 0x05, 0x05, 0x0a, 0x0f, 0x0f, 0x0f, 0x0a, 0x0a, 0x05, 0x05, 0x05, 0x05, 0x05, 0x05, 0x0a, 0x0f, 0x0f, 0x0f, 0x0a, 0x0a, 0x05, 0x05, 0x05, 0x05, 0x05, 0x05, 0x0a, 0x0f, 0x0f, 0x0f, 0x0a, 0x0a, 0x05, 0x05, 0x05, 0x05, 0x05, 0x05, 0x0a, 0x0f, 0x0f, 0x0f, 0x0a, 0x0a, 0x05, 0x05, 0x05, 0x05, 0x05, 0x05, 0x0a, 0x0f, 0x0f, 0x0f, 0x0a, 0x0a, 0x05, 0x05, 0x05, 0x05, 0x05, 0x05, 0x0a, 0x0f, 0x0f, 0x0f, 0x0a, 0x0a, 0x05, 0x05, 0x05, 0x05, 0x05, 0x05, 0x0a, 0x0f, 0x0f, 0x0f, 0x0a, 0x0a, 0x05, 0x05, 0x05, 0x05, 0x05, 0x05, 0x0a, 0x0f, 0x0f, 0x0f, 0x0a, 0x0a, 0x05, 0x05, 0x0a, 0x0a, 0x0a, 0x05, 0x0a, 0x0f, 0x0f, 0x0f, 0x0a, 0x0a, 0x05, 0x0a, 0x0f, 0x0f, 0x0f, 0x0a, 0x0a, 0x0f, 0x0f, 0x0f, 0x0a, 0x0a, 0x05, 0x0a, 0x0f, 0x0f, 0x0f, 0x0a, 0x0a, 0x0f, 0x0f, 0x0f, 0x0a, 0x0a, 0x05, 0x0a, 0x0f, 0x0f, 0x0a, 0x0a, 0x0a, 0x0f, 0x0f, 0x0a, 0x0a, 0x0a, 0x05, 0x05, 0x0a, 0x0f, 0x0f, 0x0f, 0x0f, 0x0f, 0x0a, 0x0a, 0x0a, 0x05, 0x05, 0x05, 0x05, 0x0a, 0x0a, 0x0a, 0x0a, 0x0a, 0x0a, 0x0a, 0x05, 0x05, 0x05, 0x05, 0x05, 0x05, 0x0a, 0x0a, 0x0a, 0x0a, 0x0a, 0x05, 0x05, 0x05, 0x05,};
        fontdata[119] = new byte[]{0x05, 0x05, 0x05, 0x05, 0x05, 0x05, 0x05, 0x05, 0x05, 0x05, 0x05, 0x05, 0x05, 0x05, 0x05, 0x05, 0x05, 0x05, 0x05, 0x05, 0x05, 0x05, 0x05, 0x05, 0x05, 0x05, 0x05, 0x05, 0x05, 0x05, 0x05, 0x05, 0x05, 0x05, 0x05, 0x05, 0x05, 0x05, 0x05, 0x05, 0x05, 0x05, 0x05, 0x05, 0x05, 0x05, 0x05, 0x05, 0x05, 0x05, 0x05, 0x05, 0x05, 0x05, 0x05, 0x05, 0x05, 0x05, 0x05, 0x05, 0x05, 0x05, 0x05, 0x05, 0x05, 0x05, 0x05, 0x05, 0x05, 0x05, 0x05, 0x05, 0x05, 0x05, 0x05, 0x05, 0x05, 0x05, 0x05, 0x05, 0x05, 0x05, 0x05, 0x05, 0x05, 0x05, 0x05, 0x05, 0x05, 0x05, 0x05, 0x05, 0x05, 0x05, 0x05, 0x05, 0x05, 0x05, 0x05, 0x05, 0x05, 0x05, 0x05, 0x05, 0x05, 0x05, 0x05, 0x05, 0x05, 0x05, 0x05, 0x05, 0x05, 0x05, 0x05, 0x05, 0x05, 0x05, 0x05, 0x05, 0x05, 0x05, 0x05, 0x05, 0x05, 0x05, 0x05, 0x05, 0x05, 0x05, 0x05, 0x05, 0x05, 0x05, 0x05, 0x05, 0x05, 0x05, 0x05, 0x05, 0x05, 0x05, 0x05, 0x05, 0x05, 0x05, 0x05, 0x05, 0x05, 0x05, 0x05, 0x05, 0x05, 0x05, 0x05, 0x05, 0x05, 0x05, 0x05, 0x05, 0x05, 0x0a, 0x0a, 0x0a, 0x0a, 0x05, 0x0a, 0x0a, 0x0a, 0x0a, 0x0a, 0x05, 0x0a, 0x0a, 0x05, 0x05, 0x0a, 0x0f, 0x0f, 0x0f, 0x0f, 0x0a, 0x0f, 0x0f, 0x0f, 0x0f, 0x0f, 0x0a, 0x0f, 0x0f, 0x0a, 0x05, 0x05, 0x0a, 0x0f, 0x0f, 0x0f, 0x0a, 0x0a, 0x0f, 0x0f, 0x0f, 0x0a, 0x0a, 0x0f, 0x0a, 0x0a, 0x0a, 0x05, 0x0a, 0x0f, 0x0f, 0x0f, 0x0a, 0x0a, 0x0f, 0x0f, 0x0f, 0x0a, 0x0f, 0x0a, 0x0a, 0x0a, 0x05, 0x05, 0x05, 0x0a, 0x0f, 0x0f, 0x0f, 0x0f, 0x0a, 0x0f, 0x0f, 0x0a, 0x0f, 0x0a, 0x0a, 0x05, 0x05, 0x05, 0x05, 0x0a, 0x0f, 0x0f, 0x0f, 0x0f, 0x0a, 0x0f, 0x0f, 0x0f, 0x0f, 0x0a, 0x0a, 0x05, 0x05, 0x05, 0x05, 0x05, 0x0a, 0x0f, 0x0f, 0x0a, 0x0a, 0x0a, 0x0f, 0x0f, 0x0a, 0x0a, 0x0a, 0x05, 0x05, 0x05, 0x05, 0x05, 0x0a, 0x0f, 0x0f, 0x0a, 0x0a, 0x0a, 0x0f, 0x0f, 0x0a, 0x0a, 0x05, 0x05, 0x05, 0x05, 0x05, 0x05, 0x05, 0x0a, 0x0f, 0x0a, 0x0a, 0x0a, 0x0f, 0x0a, 0x0a, 0x0a, 0x05, 0x05, 0x05, 0x05, 0x05, 0x05, 0x05, 0x05, 0x0a, 0x0a, 0x0a, 0x05, 0x0a, 0x0a, 0x0a, 0x05, 0x05, 0x05, 0x05, 0x05, 0x05, 0x05, 0x05, 0x05, 0x05, 0x0a, 0x05, 0x05, 0x05, 0x0a, 0x05, 0x05, 0x05, 0x05, 0x05,};
        fontdata[219] = new byte[]{0x05, 0x05, 0x05, 0x05, 0x05, 0x05, 0x05, 0x05, 0x05, 0x05, 0x05, 0x05, 0x05, 0x05, 0x05, 0x05, 0x05, 0x05, 0x05, 0x05, 0x05, 0x05, 0x05, 0x05, 0x05, 0x05, 0x05, 0x05, 0x05, 0x05, 0x05, 0x05, 0x05, 0x05, 0x05, 0x05, 0x05, 0x05, 0x05, 0x05, 0x05, 0x05, 0x05, 0x05, 0x05, 0x05, 0x05, 0x05, 0x05, 0x05, 0x05, 0x05, 0x05, 0x05, 0x05, 0x05, 0x05, 0x05, 0x05, 0x05, 0x05, 0x05, 0x05, 0x05, 0x05, 0x05, 0x05, 0x05, 0x05, 0x05, 0x05, 0x05, 0x05, 0x05, 0x05, 0x0a, 0x05, 0x05, 0x05, 0x0a, 0x05, 0x05, 0x05, 0x05, 0x05, 0x05, 0x0a, 0x0f, 0x0a, 0x05, 0x0a, 0x0f, 0x0a, 0x05, 0x05, 0x05, 0x05, 0x0a, 0x0f, 0x0f, 0x0f, 0x0a, 0x0f, 0x0f, 0x0f, 0x0a, 0x05, 0x05, 0x05, 0x05, 0x0a, 0x0f, 0x0a, 0x0a, 0x0a, 0x0f, 0x0a, 0x0a, 0x0a, 0x05, 0x05, 0x05, 0x0a, 0x0a, 0x0a, 0x0a, 0x0a, 0x0a, 0x0a, 0x0a, 0x05, 0x05, 0x05, 0x0a, 0x0f, 0x0f, 0x0f, 0x0f, 0x0f, 0x0f, 0x0a, 0x05, 0x05, 0x05, 0x0a, 0x0f, 0x0f, 0x0f, 0x0a, 0x0a, 0x0f, 0x0f, 0x0f, 0x0a, 0x05, 0x05, 0x05, 0x0a, 0x0f, 0x0f, 0x0a, 0x0a, 0x0f, 0x0f, 0x0f, 0x0a, 0x0a, 0x05, 0x05, 0x05, 0x0a, 0x0a, 0x0a, 0x0a, 0x0f, 0x0f, 0x0f, 0x0a, 0x0a, 0x05, 0x05, 0x0a, 0x0a, 0x0f, 0x0f, 0x0f, 0x0f, 0x0f, 0x0f, 0x0a, 0x0a, 0x05, 0x0a, 0x0f, 0x0f, 0x0f, 0x0a, 0x0a, 0x0f, 0x0f, 0x0f, 0x0a, 0x0a, 0x05, 0x0a, 0x0f, 0x0f, 0x0f, 0x0a, 0x0a, 0x0f, 0x0f, 0x0f, 0x0a, 0x0a, 0x05, 0x05, 0x0a, 0x0f, 0x0f, 0x0f, 0x0f, 0x0f, 0x0f, 0x0f, 0x0f, 0x0a, 0x05, 0x05, 0x05, 0x0a, 0x0a, 0x0a, 0x0a, 0x0a, 0x0a, 0x0a, 0x0a, 0x0a, 0x0a, 0x05, 0x05, 0x05, 0x0a, 0x0a, 0x0a, 0x0a, 0x0a, 0x0a, 0x0a, 0x0a, 0x05,};
        fontdata[228] = new byte[]{0x05, 0x05, 0x05, 0x05, 0x05, 0x05, 0x05, 0x05, 0x05, 0x05, 0x05, 0x05, 0x05, 0x05, 0x05, 0x05, 0x05, 0x05, 0x05, 0x05, 0x05, 0x05, 0x05, 0x05, 0x05, 0x05, 0x05, 0x05, 0x05, 0x05, 0x05, 0x05, 0x05, 0x05, 0x05, 0x05, 0x05, 0x05, 0x05, 0x05, 0x05, 0x05, 0x05, 0x05, 0x05, 0x05, 0x05, 0x05, 0x05, 0x05, 0x05, 0x05, 0x05, 0x05, 0x05, 0x05, 0x05, 0x05, 0x05, 0x05, 0x05, 0x05, 0x05, 0x05, 0x05, 0x05, 0x05, 0x05, 0x05, 0x05, 0x05, 0x05, 0x05, 0x05, 0x05, 0x05, 0x05, 0x05, 0x05, 0x05, 0x05, 0x05, 0x05, 0x05, 0x05, 0x05, 0x05, 0x05, 0x05, 0x05, 0x05, 0x05, 0x05, 0x05, 0x05, 0x05, 0x05, 0x05, 0x05, 0x05, 0x05, 0x05, 0x05, 0x05, 0x05, 0x05, 0x05, 0x05, 0x05, 0x05, 0x05, 0x05, 0x05, 0x05, 0x05, 0x05, 0x05, 0x05, 0x05, 0x05, 0x05, 0x05, 0x05, 0x05, 0x05, 0x05, 0x05, 0x05, 0x05, 0x05, 0x05, 0x05, 0x05, 0x05, 0x0a, 0x0a, 0x05, 0x05, 0x0a, 0x0a, 0x05, 0x05, 0x05, 0x05, 0x0a, 0x0f, 0x0f, 0x0a, 0x0a, 0x0f, 0x0f, 0x0a, 0x05, 0x05, 0x0a, 0x0f, 0x0f, 0x0f, 0x0f, 0x0f, 0x0f, 0x0f, 0x0f, 0x0a, 0x05, 0x0a, 0x0f, 0x0f, 0x0f, 0x0f, 0x0f, 0x0f, 0x0f, 0x0f, 0x0a, 0x0a, 0x05, 0x0a, 0x0a, 0x0a, 0x0f, 0x0a, 0x0a, 0x0a, 0x0f, 0x0a, 0x0a, 0x05, 0x0a, 0x0a, 0x0f, 0x0a, 0x0a, 0x0a, 0x0f, 0x0a, 0x0a, 0x0a, 0x0a, 0x0f, 0x0f, 0x0a, 0x0a, 0x0f, 0x0f, 0x0a, 0x0a, 0x0a, 0x05, 0x05, 0x0a, 0x0a, 0x0a, 0x0a, 0x0a, 0x0a, 0x0a, 0x0a, 0x05, 0x05, 0x05, 0x05, 0x0a, 0x0a, 0x05, 0x05, 0x0a, 0x0a, 0x05, 0x05, 0x05,};
        fontdata[104] = new byte[]{0x05, 0x05, 0x05, 0x05, 0x05, 0x05, 0x05, 0x05, 0x05, 0x05, 0x05, 0x05, 0x05, 0x05, 0x05, 0x05, 0x05, 0x05, 0x05, 0x05, 0x05, 0x05, 0x05, 0x05, 0x05, 0x05, 0x05, 0x05, 0x05, 0x05, 0x05, 0x05, 0x05, 0x05, 0x05, 0x05, 0x05, 0x05, 0x05, 0x05, 0x05, 0x05, 0x05, 0x05, 0x05, 0x05, 0x05, 0x05, 0x05, 0x05, 0x05, 0x05, 0x05, 0x05, 0x05, 0x05, 0x05, 0x05, 0x05, 0x05, 0x05, 0x05, 0x05, 0x05, 0x05, 0x05, 0x05, 0x05, 0x05, 0x05, 0x05, 0x05, 0x05, 0x0a, 0x0a, 0x0a, 0x0a, 0x05, 0x05, 0x05, 0x05, 0x05, 0x05, 0x05, 0x0a, 0x0f, 0x0f, 0x0f, 0x0f, 0x0a, 0x05, 0x05, 0x05, 0x05, 0x05, 0x05, 0x05, 0x0a, 0x0f, 0x0f, 0x0f, 0x0a, 0x0a, 0x05, 0x05, 0x05, 0x05, 0x05, 0x05, 0x0a, 0x0f, 0x0f, 0x0f, 0x0a, 0x0a, 0x05, 0x05, 0x05, 0x05, 0x05, 0x05, 0x0a, 0x0f, 0x0f, 0x0f, 0x0a, 0x0a, 0x0a, 0x0a, 0x05, 0x05, 0x05, 0x05, 0x0a, 0x0f, 0x0f, 0x0f, 0x0a, 0x0f, 0x0f, 0x0f, 0x0a, 0x05, 0x05, 0x05, 0x0a, 0x0f, 0x0f, 0x0f, 0x0f, 0x0f, 0x0f, 0x0f, 0x0f, 0x0a, 0x05, 0x05, 0x0a, 0x0f, 0x0f, 0x0f, 0x0a, 0x0a, 0x0f, 0x0f, 0x0f, 0x0a, 0x0a, 0x05, 0x0a, 0x0f, 0x0f, 0x0f, 0x0a, 0x0a, 0x0f, 0x0f, 0x0f, 0x0a, 0x0a, 0x05, 0x0a, 0x0f, 0x0f, 0x0f, 0x0a, 0x0a, 0x0f, 0x0f, 0x0f, 0x0a, 0x0a, 0x05, 0x0a, 0x0f, 0x0f, 0x0f, 0x0a, 0x0a, 0x0f, 0x0f, 0x0f, 0x0a, 0x0a, 0x05, 0x0a, 0x0f, 0x0f, 0x0f, 0x0a, 0x0a, 0x0f, 0x0f, 0x0f, 0x0a, 0x0a, 0x0a, 0x0f, 0x0f, 0x0f, 0x0f, 0x0f, 0x0f, 0x0f, 0x0f, 0x0f, 0x0f, 0x0a, 0x05, 0x0a, 0x0a, 0x0a, 0x0a, 0x0a, 0x0a, 0x0a, 0x0a, 0x0a, 0x0a, 0x0a, 0x05, 0x05, 0x0a, 0x0a, 0x0a, 0x0a, 0x0a, 0x0a, 0x0a, 0x0a, 0x0a, 0x0a,};
        fontdata[222] = new byte[]{0x05, 0x05, 0x05, 0x05, 0x05, 0x05, 0x05, 0x05, 0x05, 0x05, 0x05, 0x05, 0x05, 0x05, 0x05, 0x05, 0x05, 0x05, 0x05, 0x05, 0x05, 0x05, 0x05, 0x05, 0x05, 0x05, 0x05, 0x05, 0x05, 0x05, 0x05, 0x05, 0x05, 0x05, 0x05, 0x05, 0x05, 0x05, 0x05, 0x05, 0x05, 0x05, 0x05, 0x05, 0x05, 0x05, 0x05, 0x05, 0x05, 0x05, 0x05, 0x05, 0x05, 0x05, 0x05, 0x05, 0x05, 0x05, 0x05, 0x05, 0x05, 0x05, 0x05, 0x05, 0x05, 0x05, 0x05, 0x05, 0x05, 0x05, 0x05, 0x05, 0x05, 0x05, 0x05, 0x05, 0x0a, 0x0a, 0x0a, 0x0a, 0x05, 0x05, 0x05, 0x05, 0x05, 0x05, 0x0a, 0x0a, 0x0f, 0x0f, 0x0f, 0x0f, 0x0a, 0x0a, 0x05, 0x05, 0x05, 0x0a, 0x0f, 0x0f, 0x0f, 0x0a, 0x0a, 0x0f, 0x0f, 0x0f, 0x0a, 0x05, 0x05, 0x0a, 0x0f, 0x0f, 0x0f, 0x0a, 0x0a, 0x0f, 0x0f, 0x0f, 0x0a, 0x0a, 0x05, 0x0a, 0x0f, 0x0f, 0x0f, 0x0a, 0x0a, 0x0f, 0x0f, 0x0f, 0x0a, 0x0a, 0x05, 0x0a, 0x0f, 0x0f, 0x0f, 0x0a, 0x0a, 0x0f, 0x0f, 0x0a, 0x0a, 0x0a, 0x05, 0x0a, 0x0f, 0x0f, 0x0f, 0x0a, 0x0f, 0x0f, 0x0a, 0x0a, 0x0a, 0x05, 0x05, 0x0a, 0x0f, 0x0f, 0x0f, 0x0a, 0x0a, 0x0f, 0x0f, 0x0a, 0x05, 0x05, 0x05, 0x0a, 0x0f, 0x0f, 0x0f, 0x0a, 0x0a, 0x0f, 0x0f, 0x0f, 0x0a, 0x05, 0x05, 0x0a, 0x0f, 0x0f, 0x0f, 0x0a, 0x0a, 0x0f, 0x0f, 0x0f, 0x0a, 0x0a, 0x05, 0x0a, 0x0f, 0x0f, 0x0f, 0x0a, 0x0a, 0x0f, 0x0f, 0x0f, 0x0a, 0x0a, 0x05, 0x0a, 0x0f, 0x0f, 0x0f, 0x0a, 0x0a, 0x0f, 0x0f, 0x0a, 0x0a, 0x0a, 0x0a, 0x0f, 0x0f, 0x0f, 0x0f, 0x0a, 0x0f, 0x0f, 0x0a, 0x0a, 0x0a, 0x05, 0x05, 0x0a, 0x0a, 0x0a, 0x0a, 0x0a, 0x0a, 0x0a, 0x0a, 0x0a, 0x05, 0x05, 0x05, 0x05, 0x0a, 0x0a, 0x0a, 0x0a, 0x05, 0x0a, 0x0a, 0x05, 0x05, 0x05,};
        fontdata[203] = new byte[]{0x05, 0x05, 0x05, 0x05, 0x05, 0x05, 0x05, 0x05, 0x05, 0x05, 0x05, 0x05, 0x05, 0x05, 0x05, 0x05, 0x05, 0x05, 0x05, 0x05, 0x05, 0x05, 0x05, 0x05, 0x05, 0x05, 0x05, 0x05, 0x05, 0x05, 0x05, 0x05, 0x05, 0x05, 0x05, 0x05, 0x05, 0x05, 0x05, 0x05, 0x05, 0x05, 0x05, 0x05, 0x05, 0x05, 0x05, 0x05, 0x05, 0x05, 0x05, 0x05, 0x05, 0x05, 0x05, 0x05, 0x05, 0x0a, 0x05, 0x05, 0x05, 0x05, 0x0a, 0x05, 0x05, 0x05, 0x05, 0x0a, 0x0f, 0x0a, 0x0a, 0x05, 0x0a, 0x0f, 0x0a, 0x05, 0x05, 0x05, 0x05, 0x0a, 0x0f, 0x0f, 0x0a, 0x0f, 0x0a, 0x0a, 0x0a, 0x05, 0x05, 0x05, 0x0a, 0x0f, 0x0f, 0x0f, 0x0f, 0x0a, 0x0a, 0x05, 0x05, 0x05, 0x05, 0x05, 0x0a, 0x0f, 0x0f, 0x0a, 0x0a, 0x0a, 0x05, 0x05, 0x05, 0x0a, 0x0a, 0x0a, 0x0f, 0x0a, 0x0a, 0x0a, 0x0a, 0x05, 0x05, 0x0a, 0x0f, 0x0f, 0x0f, 0x0f, 0x0f, 0x0f, 0x0f, 0x0f, 0x0a, 0x05, 0x0a, 0x0f, 0x0f, 0x0a, 0x0a, 0x0f, 0x0f, 0x0f, 0x0a, 0x0a, 0x0a, 0x0a, 0x0f, 0x0a, 0x0a, 0x0a, 0x0f, 0x0f, 0x0f, 0x0a, 0x0a, 0x05, 0x05, 0x0a, 0x0a, 0x0a, 0x0f, 0x0f, 0x0f, 0x0a, 0x0a, 0x0a, 0x05, 0x05, 0x05, 0x0a, 0x0f, 0x0f, 0x0f, 0x0a, 0x0a, 0x0a, 0x05, 0x05, 0x05, 0x0a, 0x0f, 0x0f, 0x0f, 0x0a, 0x0a, 0x0a, 0x0f, 0x0a, 0x05, 0x05, 0x0a, 0x0f, 0x0f, 0x0f, 0x0a, 0x0a, 0x0f, 0x0f, 0x0a, 0x0a, 0x0a, 0x0f, 0x0f, 0x0f, 0x0f, 0x0f, 0x0f, 0x0f, 0x0f, 0x0a, 0x0a, 0x05, 0x0a, 0x0a, 0x0a, 0x0a, 0x0a, 0x0a, 0x0a, 0x0a, 0x0a, 0x0a, 0x05, 0x05, 0x0a, 0x0a, 0x0a, 0x0a, 0x0a, 0x0a, 0x0a, 0x0a, 0x05,};
        fontdata[227] = new byte[]{0x05, 0x05, 0x05, 0x05, 0x05, 0x05, 0x05, 0x05, 0x05, 0x05, 0x0a, 0x0a, 0x05, 0x05, 0x05, 0x05, 0x05, 0x05, 0x05, 0x05, 0x05, 0x05, 0x05, 0x05, 0x05, 0x05, 0x05, 0x0a, 0x0f, 0x0f, 0x0a, 0x05, 0x05, 0x05, 0x05, 0x05, 0x05, 0x05, 0x05, 0x05, 0x05, 0x05, 0x05, 0x05, 0x0a, 0x0f, 0x0f, 0x0a, 0x0a, 0x0a, 0x05, 0x05, 0x05, 0x05, 0x05, 0x05, 0x05, 0x05, 0x05, 0x05, 0x05, 0x0a, 0x0f, 0x0f, 0x0a, 0x0a, 0x0a, 0x05, 0x05, 0x05, 0x05, 0x05, 0x05, 0x05, 0x05, 0x05, 0x05, 0x05, 0x0a, 0x0f, 0x0f, 0x0a, 0x0a, 0x0a, 0x05, 0x05, 0x05, 0x05, 0x05, 0x05, 0x05, 0x05, 0x05, 0x05, 0x0a, 0x0a, 0x0f, 0x0f, 0x0f, 0x0f, 0x0f, 0x0a, 0x0a, 0x05, 0x05, 0x05, 0x05, 0x05, 0x05, 0x05, 0x05, 0x0a, 0x0f, 0x0f, 0x0f, 0x0a, 0x0a, 0x0a, 0x0f, 0x0f, 0x0f, 0x0a, 0x05, 0x05, 0x05, 0x05, 0x05, 0x05, 0x0a, 0x0f, 0x0f, 0x0f, 0x0a, 0x0a, 0x0a, 0x0a, 0x0a, 0x0f, 0x0f, 0x0f, 0x0a, 0x05, 0x05, 0x05, 0x05, 0x0a, 0x0f, 0x0f, 0x0f, 0x0f, 0x0a, 0x0a, 0x05, 0x05, 0x05, 0x0a, 0x0f, 0x0f, 0x0f, 0x0a, 0x05, 0x05, 0x0a, 0x0f, 0x0f, 0x0f, 0x0f, 0x0a, 0x0a, 0x0a, 0x05, 0x05, 0x05, 0x0a, 0x0f, 0x0f, 0x0f, 0x0f, 0x0a, 0x05, 0x0a, 0x0f, 0x0f, 0x0f, 0x0f, 0x0a, 0x0a, 0x05, 0x05, 0x05, 0x05, 0x0a, 0x0f, 0x0f, 0x0f, 0x0f, 0x0a, 0x0a, 0x0a, 0x0f, 0x0f, 0x0f, 0x0f, 0x0a, 0x0a, 0x05, 0x05, 0x05, 0x05, 0x0a, 0x0f, 0x0f, 0x0f, 0x0f, 0x0a, 0x0a, 0x0a, 0x0f, 0x0f, 0x0f, 0x0f, 0x0a, 0x0a, 0x05, 0x05, 0x05, 0x05, 0x0a, 0x0f, 0x0f, 0x0f, 0x0f, 0x0a, 0x0a, 0x0a, 0x0f, 0x0f, 0x0f, 0x0f, 0x0a, 0x0a, 0x05, 0x05, 0x05, 0x05, 0x0a, 0x0f, 0x0f, 0x0f, 0x0f, 0x0a, 0x0a, 0x0a, 0x0f, 0x0f, 0x0f, 0x0f, 0x0a, 0x0a, 0x05, 0x05, 0x05, 0x05, 0x0a, 0x0f, 0x0f, 0x0f, 0x0f, 0x0a, 0x0a, 0x05, 0x0a, 0x0f, 0x0f, 0x0f, 0x0a, 0x0a, 0x05, 0x05, 0x05, 0x05, 0x0a, 0x0f, 0x0f, 0x0f, 0x0a, 0x0a, 0x0a, 0x05, 0x05, 0x0a, 0x0f, 0x0f, 0x0f, 0x0a, 0x05, 0x05, 0x05, 0x0a, 0x0f, 0x0f, 0x0f, 0x0a, 0x0a, 0x0a, 0x05, 0x05, 0x05, 0x05, 0x0a, 0x0f, 0x0f, 0x0f, 0x0a, 0x0a, 0x0a, 0x0f, 0x0f, 0x0f, 0x0a, 0x0a, 0x0a, 0x05, 0x05, 0x05, 0x05, 0x05, 0x05, 0x0a, 0x0a, 0x0f, 0x0f, 0x0f, 0x0f, 0x0f, 0x0a, 0x0a, 0x0a, 0x0a, 0x05, 0x05, 0x05, 0x05, 0x05, 0x05, 0x05, 0x05, 0x0a, 0x0a, 0x0a, 0x0a, 0x0a, 0x0a, 0x0a, 0x0a, 0x0a, 0x05, 0x05, 0x05, 0x05, 0x05, 0x05, 0x05, 0x05, 0x05, 0x05, 0x05, 0x0a, 0x0a, 0x0a, 0x0a, 0x0a, 0x05, 0x05, 0x05, 0x05, 0x05, 0x05,};
        fontdata[120] = new byte[]{0x05, 0x05, 0x05, 0x05, 0x05, 0x05, 0x05, 0x05, 0x05, 0x05, 0x05, 0x05, 0x05, 0x05, 0x05, 0x05, 0x05, 0x05, 0x05, 0x05, 0x05, 0x05, 0x05, 0x05, 0x05, 0x05, 0x05, 0x05, 0x05, 0x05, 0x05, 0x05, 0x05, 0x05, 0x05, 0x05, 0x05, 0x05, 0x05, 0x05, 0x05, 0x05, 0x05, 0x05, 0x05, 0x05, 0x05, 0x05, 0x05, 0x05, 0x05, 0x05, 0x05, 0x05, 0x05, 0x05, 0x05, 0x05, 0x05, 0x05, 0x05, 0x05, 0x05, 0x05, 0x05, 0x05, 0x05, 0x05, 0x05, 0x05, 0x05, 0x05, 0x05, 0x05, 0x05, 0x05, 0x05, 0x05, 0x05, 0x05, 0x05, 0x05, 0x05, 0x05, 0x05, 0x05, 0x05, 0x05, 0x05, 0x05, 0x05, 0x05, 0x05, 0x05, 0x05, 0x05, 0x05, 0x05, 0x05, 0x05, 0x05, 0x05, 0x05, 0x05, 0x05, 0x05, 0x05, 0x05, 0x05, 0x05, 0x05, 0x05, 0x05, 0x05, 0x05, 0x05, 0x05, 0x05, 0x05, 0x05, 0x05, 0x0a, 0x0a, 0x0a, 0x0a, 0x0a, 0x05, 0x0a, 0x0a, 0x0a, 0x05, 0x05, 0x0a, 0x0f, 0x0f, 0x0f, 0x0f, 0x0f, 0x0a, 0x0f, 0x0f, 0x0f, 0x0a, 0x05, 0x05, 0x0a, 0x0f, 0x0f, 0x0f, 0x0a, 0x0a, 0x0f, 0x0a, 0x0a, 0x0a, 0x0a, 0x05, 0x05, 0x0a, 0x0f, 0x0f, 0x0f, 0x0f, 0x0a, 0x0a, 0x0a, 0x0a, 0x05, 0x05, 0x05, 0x05, 0x0a, 0x0f, 0x0f, 0x0f, 0x0a, 0x0a, 0x05, 0x05, 0x05, 0x05, 0x05, 0x05, 0x0a, 0x0f, 0x0f, 0x0f, 0x0a, 0x0a, 0x05, 0x05, 0x05, 0x05, 0x05, 0x0a, 0x0f, 0x0a, 0x0f, 0x0f, 0x0f, 0x0a, 0x05, 0x05, 0x05, 0x05, 0x0a, 0x0a, 0x0f, 0x0a, 0x0a, 0x0f, 0x0f, 0x0f, 0x0a, 0x05, 0x05, 0x0a, 0x0f, 0x0f, 0x0f, 0x0a, 0x0f, 0x0f, 0x0f, 0x0f, 0x0f, 0x0a, 0x05, 0x05, 0x0a, 0x0a, 0x0a, 0x0a, 0x0a, 0x0a, 0x0a, 0x0a, 0x0a, 0x0a, 0x0a, 0x05, 0x05, 0x0a, 0x0a, 0x0a, 0x05, 0x0a, 0x0a, 0x0a, 0x0a, 0x0a, 0x05,};
        fontdata[201] = new byte[]{0x05, 0x05, 0x05, 0x05, 0x05, 0x05, 0x05, 0x05, 0x05, 0x05, 0x05, 0x05, 0x05, 0x05, 0x05, 0x05, 0x05, 0x05, 0x05, 0x05, 0x05, 0x05, 0x05, 0x05, 0x05, 0x05, 0x05, 0x05, 0x05, 0x05, 0x05, 0x05, 0x05, 0x05, 0x05, 0x05, 0x05, 0x05, 0x05, 0x05, 0x05, 0x05, 0x05, 0x05, 0x05, 0x05, 0x05, 0x05, 0x05, 0x05, 0x05, 0x0a, 0x0a, 0x05, 0x05, 0x05, 0x0a, 0x0a, 0x05, 0x05, 0x0a, 0x0f, 0x0f, 0x0a, 0x05, 0x0a, 0x0f, 0x0f, 0x0a, 0x05, 0x05, 0x0a, 0x0f, 0x0f, 0x0a, 0x0f, 0x0f, 0x0a, 0x0a, 0x0a, 0x05, 0x05, 0x0a, 0x0f, 0x0f, 0x0f, 0x0a, 0x0a, 0x0a, 0x05, 0x05, 0x05, 0x0a, 0x0f, 0x0f, 0x0a, 0x0a, 0x0a, 0x05, 0x05, 0x05, 0x05, 0x05, 0x0a, 0x0a, 0x0a, 0x0a, 0x05, 0x05, 0x05, 0x05, 0x05, 0x0a, 0x0f, 0x0f, 0x0f, 0x0f, 0x0a, 0x05, 0x05, 0x05, 0x0a, 0x0f, 0x0f, 0x0a, 0x0f, 0x0f, 0x0f, 0x0a, 0x05, 0x0a, 0x0f, 0x0f, 0x0f, 0x0a, 0x0f, 0x0f, 0x0f, 0x0a, 0x0a, 0x0a, 0x0f, 0x0f, 0x0f, 0x0a, 0x0a, 0x0a, 0x0a, 0x0a, 0x0a, 0x0a, 0x0f, 0x0f, 0x0f, 0x0a, 0x0a, 0x0a, 0x0a, 0x0a, 0x05, 0x0a, 0x0f, 0x0f, 0x0f, 0x0f, 0x0a, 0x0a, 0x0f, 0x0a, 0x05, 0x05, 0x0a, 0x0f, 0x0f, 0x0f, 0x0f, 0x0f, 0x0f, 0x0a, 0x0a, 0x05, 0x05, 0x0a, 0x0f, 0x0f, 0x0f, 0x0f, 0x0a, 0x0a, 0x0a, 0x05, 0x05, 0x05, 0x0a, 0x0a, 0x0a, 0x0a, 0x0a, 0x0a, 0x05, 0x05, 0x05, 0x05, 0x05, 0x0a, 0x0a, 0x0a, 0x0a, 0x05, 0x05,};
        fontdata[70] = new byte[]{0x05, 0x05, 0x05, 0x05, 0x05, 0x05, 0x05, 0x05, 0x05, 0x05, 0x05, 0x05, 0x05, 0x05, 0x05, 0x05, 0x05, 0x05, 0x05, 0x05, 0x05, 0x05, 0x05, 0x05, 0x05, 0x05, 0x05, 0x05, 0x05, 0x05, 0x05, 0x05, 0x05, 0x05, 0x05, 0x05, 0x05, 0x05, 0x05, 0x05, 0x05, 0x05, 0x05, 0x05, 0x05, 0x05, 0x05, 0x05, 0x05, 0x05, 0x05, 0x05, 0x05, 0x05, 0x05, 0x05, 0x05, 0x0a, 0x0a, 0x0a, 0x0a, 0x0a, 0x0a, 0x0a, 0x0a, 0x0a, 0x0a, 0x0a, 0x05, 0x05, 0x0a, 0x0f, 0x0f, 0x0f, 0x0f, 0x0f, 0x0f, 0x0f, 0x0f, 0x0f, 0x0f, 0x0f, 0x0a, 0x05, 0x05, 0x0a, 0x0a, 0x0f, 0x0f, 0x0f, 0x0a, 0x0a, 0x0a, 0x0a, 0x0f, 0x0f, 0x0a, 0x0a, 0x05, 0x05, 0x0a, 0x0f, 0x0f, 0x0f, 0x0a, 0x0a, 0x0a, 0x0a, 0x0a, 0x0f, 0x0a, 0x0a, 0x05, 0x05, 0x0a, 0x0f, 0x0f, 0x0f, 0x0a, 0x0a, 0x05, 0x0a, 0x0a, 0x0f, 0x0a, 0x0a, 0x05, 0x05, 0x0a, 0x0f, 0x0f, 0x0f, 0x0a, 0x0a, 0x0a, 0x0f, 0x0a, 0x0f, 0x0a, 0x0a, 0x05, 0x05, 0x0a, 0x0f, 0x0f, 0x0f, 0x0a, 0x0a, 0x0a, 0x0f, 0x0a, 0x0a, 0x0a, 0x0a, 0x05, 0x05, 0x0a, 0x0f, 0x0f, 0x0f, 0x0a, 0x0a, 0x0f, 0x0f, 0x0a, 0x0a, 0x0a, 0x05, 0x05, 0x05, 0x0a, 0x0f, 0x0f, 0x0f, 0x0f, 0x0f, 0x0f, 0x0f, 0x0a, 0x0a, 0x05, 0x05, 0x05, 0x05, 0x0a, 0x0f, 0x0f, 0x0f, 0x0a, 0x0a, 0x0f, 0x0f, 0x0a, 0x0a, 0x05, 0x05, 0x05, 0x05, 0x0a, 0x0f, 0x0f, 0x0f, 0x0a, 0x0a, 0x0a, 0x0f, 0x0a, 0x0a, 0x05, 0x05, 0x05, 0x05, 0x0a, 0x0f, 0x0f, 0x0f, 0x0a, 0x0a, 0x0a, 0x0f, 0x0a, 0x0a, 0x05, 0x05, 0x05, 0x05, 0x0a, 0x0f, 0x0f, 0x0f, 0x0a, 0x0a, 0x05, 0x0a, 0x0a, 0x0a, 0x05, 0x05, 0x05, 0x0a, 0x0a, 0x0f, 0x0f, 0x0f, 0x0a, 0x0a, 0x05, 0x05, 0x0a, 0x05, 0x05, 0x05, 0x0a, 0x0f, 0x0f, 0x0f, 0x0f, 0x0f, 0x0f, 0x0f, 0x0a, 0x05, 0x05, 0x05, 0x05, 0x05, 0x05, 0x0a, 0x0a, 0x0a, 0x0a, 0x0a, 0x0a, 0x0a, 0x0a, 0x0a, 0x05, 0x05, 0x05, 0x05, 0x05, 0x05, 0x0a, 0x0a, 0x0a, 0x0a, 0x0a, 0x0a, 0x0a, 0x05, 0x05, 0x05, 0x05, 0x05,};
        fontdata[99] = new byte[]{0x05, 0x05, 0x05, 0x05, 0x05, 0x05, 0x05, 0x05, 0x05, 0x05, 0x05, 0x05, 0x05, 0x05, 0x05, 0x05, 0x05, 0x05, 0x05, 0x05, 0x05, 0x05, 0x05, 0x05, 0x05, 0x05, 0x05, 0x05, 0x05, 0x05, 0x05, 0x05, 0x05, 0x05, 0x05, 0x05, 0x05, 0x05, 0x05, 0x05, 0x05, 0x05, 0x05, 0x05, 0x05, 0x05, 0x05, 0x05, 0x05, 0x05, 0x05, 0x05, 0x05, 0x05, 0x05, 0x05, 0x05, 0x05, 0x05, 0x05, 0x05, 0x05, 0x05, 0x05, 0x05, 0x05, 0x05, 0x05, 0x05, 0x05, 0x05, 0x05, 0x05, 0x05, 0x05, 0x05, 0x05, 0x05, 0x05, 0x05, 0x05, 0x05, 0x05, 0x05, 0x05, 0x05, 0x05, 0x05, 0x05, 0x05, 0x05, 0x05, 0x05, 0x05, 0x05, 0x05, 0x05, 0x05, 0x05, 0x05, 0x05, 0x05, 0x05, 0x0a, 0x0a, 0x0a, 0x0a, 0x05, 0x05, 0x05, 0x05, 0x05, 0x0a, 0x0f, 0x0f, 0x0f, 0x0f, 0x0a, 0x05, 0x05, 0x05, 0x0a, 0x0f, 0x0f, 0x0a, 0x0f, 0x0f, 0x0f, 0x0a, 0x05, 0x0a, 0x0f, 0x0f, 0x0f, 0x0a, 0x0f, 0x0f, 0x0f, 0x0a, 0x0a, 0x0a, 0x0f, 0x0f, 0x0f, 0x0a, 0x0a, 0x0a, 0x0a, 0x0a, 0x0a, 0x0a, 0x0f, 0x0f, 0x0f, 0x0a, 0x0a, 0x0a, 0x0a, 0x0a, 0x05, 0x0a, 0x0f, 0x0f, 0x0f, 0x0f, 0x0a, 0x0a, 0x0f, 0x0a, 0x05, 0x05, 0x0a, 0x0f, 0x0f, 0x0f, 0x0f, 0x0f, 0x0f, 0x0a, 0x0a, 0x05, 0x05, 0x0a, 0x0f, 0x0f, 0x0f, 0x0f, 0x0a, 0x0a, 0x0a, 0x05, 0x05, 0x05, 0x0a, 0x0a, 0x0a, 0x0a, 0x0a, 0x0a, 0x05, 0x05, 0x05, 0x05, 0x05, 0x0a, 0x0a, 0x0a, 0x0a, 0x05, 0x05,};
        fontdata[229] = new byte[]{0x05, 0x05, 0x05, 0x05, 0x05, 0x05, 0x05, 0x05, 0x05, 0x05, 0x05, 0x05, 0x05, 0x05, 0x05, 0x05, 0x05, 0x05, 0x05, 0x05, 0x05, 0x05, 0x05, 0x05, 0x05, 0x05, 0x05, 0x05, 0x05, 0x05, 0x05, 0x05, 0x05, 0x05, 0x05, 0x05, 0x05, 0x05, 0x05, 0x05, 0x05, 0x05, 0x05, 0x05, 0x05, 0x05, 0x05, 0x05, 0x05, 0x05, 0x05, 0x05, 0x05, 0x05, 0x05, 0x05, 0x05, 0x05, 0x05, 0x05, 0x05, 0x05, 0x05, 0x05, 0x05, 0x05, 0x05, 0x05, 0x05, 0x05, 0x0a, 0x05, 0x05, 0x05, 0x0a, 0x05, 0x05, 0x05, 0x05, 0x0a, 0x0a, 0x0f, 0x0a, 0x0a, 0x0a, 0x0f, 0x0a, 0x05, 0x05, 0x0a, 0x0f, 0x0f, 0x0a, 0x0a, 0x0f, 0x0f, 0x0a, 0x0a, 0x0a, 0x0a, 0x0f, 0x0a, 0x0a, 0x0a, 0x0f, 0x0a, 0x0a, 0x0a, 0x0a, 0x05, 0x0a, 0x0f, 0x0f, 0x0f, 0x0f, 0x0f, 0x0f, 0x0f, 0x0f, 0x0a, 0x05, 0x0a, 0x0f, 0x0f, 0x0f, 0x0f, 0x0f, 0x0f, 0x0f, 0x0f, 0x0a, 0x0a, 0x05, 0x0a, 0x0f, 0x0f, 0x0f, 0x0a, 0x0f, 0x0f, 0x0f, 0x0a, 0x0a, 0x05, 0x05, 0x0a, 0x0a, 0x0a, 0x0a, 0x0a, 0x0a, 0x0a, 0x0a, 0x0a, 0x05, 0x05, 0x05, 0x0a, 0x0a, 0x0a, 0x05, 0x0a, 0x0a, 0x0a, 0x05, 0x05, 0x05, 0x05, 0x05, 0x05, 0x05, 0x05, 0x05, 0x05, 0x05, 0x05, 0x05, 0x05, 0x05, 0x05, 0x05, 0x05, 0x05, 0x05, 0x05, 0x05, 0x05, 0x05, 0x05, 0x05, 0x05, 0x05, 0x05, 0x05, 0x05, 0x05, 0x05, 0x05, 0x05, 0x05, 0x05, 0x05, 0x05, 0x05, 0x05, 0x05, 0x05, 0x05, 0x05, 0x05, 0x05, 0x05, 0x05, 0x05, 0x05, 0x05, 0x05, 0x05, 0x05, 0x05, 0x05, 0x05, 0x05, 0x05, 0x05, 0x05, 0x05, 0x05, 0x05, 0x05, 0x05,};
        fontdata[122] = new byte[]{0x05, 0x05, 0x05, 0x05, 0x05, 0x05, 0x05, 0x05, 0x05, 0x05, 0x05, 0x05, 0x05, 0x05, 0x05, 0x05, 0x05, 0x05, 0x05, 0x05, 0x05, 0x05, 0x05, 0x05, 0x05, 0x05, 0x05, 0x05, 0x05, 0x05, 0x05, 0x05, 0x05, 0x05, 0x05, 0x05, 0x05, 0x05, 0x05, 0x05, 0x05, 0x05, 0x05, 0x05, 0x05, 0x05, 0x05, 0x05, 0x05, 0x05, 0x05, 0x05, 0x05, 0x05, 0x05, 0x05, 0x05, 0x05, 0x05, 0x05, 0x05, 0x05, 0x05, 0x05, 0x05, 0x05, 0x05, 0x05, 0x05, 0x05, 0x05, 0x05, 0x05, 0x05, 0x05, 0x05, 0x05, 0x05, 0x05, 0x05, 0x05, 0x05, 0x05, 0x05, 0x05, 0x05, 0x05, 0x05, 0x05, 0x05, 0x05, 0x05, 0x05, 0x05, 0x05, 0x05, 0x05, 0x05, 0x05, 0x05, 0x05, 0x05, 0x05, 0x05, 0x05, 0x05, 0x05, 0x05, 0x05, 0x05, 0x05, 0x0a, 0x0a, 0x0a, 0x0a, 0x0a, 0x0a, 0x0a, 0x0a, 0x05, 0x05, 0x0a, 0x0f, 0x0f, 0x0f, 0x0f, 0x0f, 0x0f, 0x0f, 0x0f, 0x0a, 0x05, 0x0a, 0x0f, 0x0f, 0x0a, 0x0a, 0x0f, 0x0f, 0x0f, 0x0a, 0x0a, 0x0a, 0x0a, 0x0f, 0x0a, 0x0a, 0x0a, 0x0f, 0x0f, 0x0f, 0x0a, 0x0a, 0x05, 0x05, 0x0a, 0x0a, 0x0a, 0x0f, 0x0f, 0x0f, 0x0a, 0x0a, 0x0a, 0x05, 0x05, 0x05, 0x0a, 0x0f, 0x0f, 0x0f, 0x0a, 0x0a, 0x0a, 0x05, 0x05, 0x05, 0x0a, 0x0f, 0x0f, 0x0f, 0x0a, 0x0a, 0x0a, 0x0f, 0x0a, 0x05, 0x05, 0x0a, 0x0f, 0x0f, 0x0f, 0x0a, 0x0a, 0x0f, 0x0f, 0x0a, 0x0a, 0x0a, 0x0f, 0x0f, 0x0f, 0x0f, 0x0f, 0x0f, 0x0f, 0x0f, 0x0a, 0x0a, 0x05, 0x0a, 0x0a, 0x0a, 0x0a, 0x0a, 0x0a, 0x0a, 0x0a, 0x0a, 0x0a, 0x05, 0x05, 0x0a, 0x0a, 0x0a, 0x0a, 0x0a, 0x0a, 0x0a, 0x0a, 0x05,};
        fontdata[63] = new byte[]{0x05, 0x05, 0x05, 0x05, 0x05, 0x05, 0x05, 0x05, 0x05, 0x05, 0x05, 0x05, 0x05, 0x05, 0x05, 0x05, 0x05, 0x05, 0x05, 0x05, 0x05, 0x05, 0x05, 0x05, 0x05, 0x05, 0x05, 0x05, 0x05, 0x05, 0x05, 0x05, 0x05, 0x05, 0x05, 0x05, 0x05, 0x05, 0x05, 0x05, 0x05, 0x05, 0x05, 0x05, 0x05, 0x05, 0x05, 0x05, 0x05, 0x05, 0x05, 0x05, 0x05, 0x05, 0x05, 0x05, 0x05, 0x05, 0x05, 0x05, 0x05, 0x05, 0x05, 0x0a, 0x0a, 0x0a, 0x0a, 0x05, 0x05, 0x05, 0x05, 0x05, 0x0a, 0x0f, 0x0f, 0x0f, 0x0f, 0x0a, 0x05, 0x05, 0x05, 0x0a, 0x0f, 0x0a, 0x0a, 0x0f, 0x0f, 0x0f, 0x0a, 0x05, 0x0a, 0x0f, 0x0f, 0x0f, 0x0a, 0x0f, 0x0f, 0x0f, 0x0a, 0x0a, 0x05, 0x0a, 0x0f, 0x0a, 0x0a, 0x0f, 0x0f, 0x0f, 0x0a, 0x0a, 0x05, 0x05, 0x0a, 0x0a, 0x0a, 0x0f, 0x0f, 0x0a, 0x0a, 0x0a, 0x05, 0x05, 0x05, 0x0a, 0x0f, 0x0f, 0x0a, 0x0a, 0x0a, 0x05, 0x05, 0x05, 0x05, 0x0a, 0x0f, 0x0a, 0x0a, 0x0a, 0x05, 0x05, 0x05, 0x05, 0x05, 0x0a, 0x0f, 0x0a, 0x0a, 0x05, 0x05, 0x05, 0x05, 0x05, 0x05, 0x0a, 0x0a, 0x0a, 0x0a, 0x05, 0x05, 0x05, 0x05, 0x05, 0x0a, 0x0f, 0x0f, 0x0f, 0x0a, 0x05, 0x05, 0x05, 0x05, 0x05, 0x0a, 0x0f, 0x0f, 0x0f, 0x0a, 0x0a, 0x05, 0x05, 0x05, 0x05, 0x0a, 0x0f, 0x0f, 0x0f, 0x0a, 0x0a, 0x05, 0x05, 0x05, 0x05, 0x05, 0x0a, 0x0a, 0x0a, 0x0a, 0x0a, 0x05, 0x05, 0x05, 0x05, 0x05, 0x05, 0x0a, 0x0a, 0x0a, 0x05, 0x05, 0x05,};
        fontdata[40] = new byte[]{0x05, 0x05, 0x05, 0x05, 0x05, 0x05, 0x05, 0x05, 0x05, 0x05, 0x05, 0x05, 0x05, 0x05, 0x05, 0x05, 0x05, 0x05, 0x05, 0x05, 0x05, 0x05, 0x05, 0x05, 0x05, 0x05, 0x05, 0x05, 0x05, 0x05, 0x05, 0x05, 0x0a, 0x0a, 0x05, 0x05, 0x05, 0x05, 0x05, 0x05, 0x0a, 0x0f, 0x0f, 0x0a, 0x05, 0x05, 0x05, 0x05, 0x0a, 0x0f, 0x0a, 0x0a, 0x0a, 0x0a, 0x05, 0x05, 0x0a, 0x0f, 0x0f, 0x0a, 0x0a, 0x0a, 0x05, 0x05, 0x0a, 0x0f, 0x0f, 0x0a, 0x0a, 0x0a, 0x05, 0x05, 0x05, 0x0a, 0x0f, 0x0f, 0x0a, 0x0a, 0x05, 0x05, 0x05, 0x0a, 0x0f, 0x0f, 0x0f, 0x0a, 0x0a, 0x05, 0x05, 0x05, 0x0a, 0x0f, 0x0f, 0x0f, 0x0a, 0x0a, 0x05, 0x05, 0x05, 0x0a, 0x0f, 0x0f, 0x0f, 0x0a, 0x0a, 0x05, 0x05, 0x05, 0x0a, 0x0f, 0x0f, 0x0f, 0x0a, 0x0a, 0x05, 0x05, 0x05, 0x0a, 0x0f, 0x0f, 0x0f, 0x0a, 0x0a, 0x05, 0x05, 0x05, 0x05, 0x0a, 0x0f, 0x0f, 0x0a, 0x0a, 0x05, 0x05, 0x05, 0x05, 0x0a, 0x0f, 0x0f, 0x0a, 0x0a, 0x05, 0x05, 0x05, 0x05, 0x05, 0x0a, 0x0f, 0x0f, 0x0a, 0x05, 0x05, 0x05, 0x05, 0x05, 0x05, 0x0a, 0x0f, 0x0a, 0x0a, 0x05, 0x05, 0x05, 0x05, 0x05, 0x05, 0x0a, 0x0f, 0x0f, 0x0a, 0x05, 0x05, 0x05, 0x05, 0x05, 0x05, 0x0a, 0x0a, 0x0a, 0x0a, 0x05, 0x05, 0x05, 0x05, 0x05, 0x05, 0x0a, 0x0a, 0x05,};
        fontdata[103] = new byte[]{0x05, 0x05, 0x05, 0x05, 0x05, 0x05, 0x05, 0x05, 0x05, 0x05, 0x05, 0x05, 0x05, 0x05, 0x05, 0x05, 0x05, 0x05, 0x05, 0x05, 0x05, 0x05, 0x05, 0x05, 0x05, 0x05, 0x05, 0x05, 0x05, 0x05, 0x05, 0x05, 0x05, 0x05, 0x05, 0x05, 0x05, 0x05, 0x05, 0x05, 0x05, 0x05, 0x05, 0x05, 0x05, 0x05, 0x05, 0x05, 0x05, 0x05, 0x05, 0x05, 0x05, 0x05, 0x05, 0x05, 0x05, 0x05, 0x05, 0x05, 0x05, 0x05, 0x05, 0x05, 0x05, 0x05, 0x05, 0x05, 0x0a, 0x0a, 0x0a, 0x0a, 0x05, 0x05, 0x05, 0x05, 0x05, 0x05, 0x0a, 0x0f, 0x0f, 0x0f, 0x0f, 0x0a, 0x0a, 0x0a, 0x05, 0x05, 0x0a, 0x0f, 0x0f, 0x0f, 0x0a, 0x0f, 0x0f, 0x0f, 0x0f, 0x0a, 0x05, 0x0a, 0x0f, 0x0f, 0x0f, 0x0a, 0x0f, 0x0f, 0x0f, 0x0a, 0x0a, 0x0a, 0x0a, 0x0f, 0x0f, 0x0f, 0x0a, 0x0f, 0x0f, 0x0f, 0x0a, 0x0a, 0x05, 0x05, 0x0a, 0x0a, 0x0f, 0x0f, 0x0f, 0x0f, 0x0a, 0x0a, 0x0a, 0x05, 0x05, 0x0a, 0x0f, 0x0f, 0x0a, 0x0a, 0x0a, 0x0a, 0x0a, 0x05, 0x05, 0x0a, 0x0f, 0x0f, 0x0f, 0x0f, 0x0f, 0x0f, 0x0f, 0x0a, 0x05, 0x05, 0x0a, 0x0f, 0x0f, 0x0f, 0x0f, 0x0f, 0x0f, 0x0f, 0x0f, 0x0a, 0x05, 0x05, 0x0a, 0x0f, 0x0f, 0x0f, 0x0f, 0x0f, 0x0f, 0x0f, 0x0a, 0x0a, 0x0a, 0x0f, 0x0f, 0x0a, 0x0a, 0x0a, 0x0a, 0x0f, 0x0f, 0x0a, 0x0a, 0x0a, 0x0f, 0x0f, 0x0a, 0x0a, 0x0a, 0x0a, 0x0f, 0x0f, 0x0a, 0x0a, 0x05, 0x0a, 0x0f, 0x0f, 0x0f, 0x0f, 0x0f, 0x0a, 0x0a, 0x0a, 0x0a, 0x05, 0x05, 0x0a, 0x0a, 0x0a, 0x0a, 0x0a, 0x0a, 0x0a, 0x0a, 0x05, 0x05, 0x05, 0x05, 0x0a, 0x0a, 0x0a, 0x0a, 0x0a, 0x05, 0x05, 0x05,};
        fontdata[41] = new byte[]{0x05, 0x05, 0x05, 0x05, 0x05, 0x05, 0x05, 0x05, 0x05, 0x05, 0x05, 0x05, 0x05, 0x05, 0x05, 0x05, 0x05, 0x05, 0x05, 0x05, 0x05, 0x05, 0x05, 0x05, 0x05, 0x0a, 0x0a, 0x05, 0x05, 0x05, 0x05, 0x05, 0x0a, 0x0f, 0x0f, 0x0a, 0x05, 0x05, 0x05, 0x05, 0x05, 0x0a, 0x0f, 0x0f, 0x0a, 0x05, 0x05, 0x05, 0x05, 0x05, 0x0a, 0x0f, 0x0f, 0x0a, 0x05, 0x05, 0x05, 0x05, 0x0a, 0x0f, 0x0f, 0x0a, 0x0a, 0x05, 0x05, 0x05, 0x0a, 0x0f, 0x0f, 0x0f, 0x0a, 0x05, 0x05, 0x05, 0x0a, 0x0f, 0x0f, 0x0f, 0x0a, 0x0a, 0x05, 0x05, 0x0a, 0x0f, 0x0f, 0x0f, 0x0a, 0x0a, 0x05, 0x05, 0x0a, 0x0f, 0x0f, 0x0f, 0x0a, 0x0a, 0x05, 0x05, 0x0a, 0x0f, 0x0f, 0x0f, 0x0a, 0x0a, 0x05, 0x05, 0x0a, 0x0f, 0x0f, 0x0f, 0x0a, 0x0a, 0x05, 0x05, 0x0a, 0x0f, 0x0f, 0x0a, 0x0a, 0x0a, 0x05, 0x05, 0x0a, 0x0f, 0x0f, 0x0a, 0x0a, 0x05, 0x05, 0x05, 0x0a, 0x0f, 0x0a, 0x0a, 0x0a, 0x05, 0x05, 0x0a, 0x0f, 0x0f, 0x0a, 0x0a, 0x05, 0x05, 0x0a, 0x0f, 0x0a, 0x0a, 0x0a, 0x0a, 0x05, 0x05, 0x05, 0x0a, 0x0a, 0x0a, 0x0a, 0x05, 0x05, 0x05, 0x05, 0x05, 0x0a, 0x05, 0x05, 0x05, 0x05, 0x05,};
        fontdata[220] = new byte[]{0x05, 0x05, 0x05, 0x05, 0x05, 0x05, 0x05, 0x05, 0x05, 0x05, 0x05, 0x05, 0x05, 0x05, 0x05, 0x05, 0x05, 0x05, 0x05, 0x05, 0x05, 0x05, 0x05, 0x05, 0x05, 0x05, 0x05, 0x05, 0x05, 0x05, 0x05, 0x05, 0x05, 0x05, 0x05, 0x05, 0x05, 0x05, 0x05, 0x05, 0x05, 0x05, 0x05, 0x05, 0x05, 0x05, 0x05, 0x05, 0x05, 0x05, 0x05, 0x05, 0x05, 0x05, 0x05, 0x05, 0x05, 0x05, 0x05, 0x05, 0x05, 0x05, 0x05, 0x05, 0x05, 0x05, 0x05, 0x05, 0x05, 0x05, 0x05, 0x05, 0x05, 0x05, 0x05, 0x05, 0x05, 0x05, 0x05, 0x05, 0x05, 0x0a, 0x05, 0x05, 0x05, 0x0a, 0x05, 0x05, 0x05, 0x05, 0x05, 0x05, 0x05, 0x0a, 0x0f, 0x0a, 0x05, 0x0a, 0x0f, 0x0a, 0x05, 0x05, 0x05, 0x05, 0x05, 0x0a, 0x0f, 0x0f, 0x0f, 0x0a, 0x0f, 0x0f, 0x0f, 0x0a, 0x05, 0x05, 0x05, 0x05, 0x05, 0x0a, 0x0f, 0x0a, 0x0a, 0x0a, 0x0f, 0x0a, 0x0a, 0x0a, 0x05, 0x05, 0x05, 0x0a, 0x0a, 0x0a, 0x0a, 0x0a, 0x0a, 0x0a, 0x0a, 0x0a, 0x05, 0x05, 0x05, 0x0a, 0x0f, 0x0f, 0x0f, 0x0f, 0x0a, 0x0f, 0x0f, 0x0f, 0x0f, 0x0a, 0x05, 0x05, 0x05, 0x0a, 0x0f, 0x0f, 0x0f, 0x0a, 0x0a, 0x0f, 0x0f, 0x0f, 0x0a, 0x0a, 0x05, 0x05, 0x0a, 0x0f, 0x0f, 0x0f, 0x0a, 0x0a, 0x0f, 0x0f, 0x0f, 0x0a, 0x0a, 0x05, 0x05, 0x0a, 0x0f, 0x0f, 0x0f, 0x0a, 0x0a, 0x0f, 0x0f, 0x0f, 0x0a, 0x0a, 0x05, 0x05, 0x0a, 0x0f, 0x0f, 0x0f, 0x0a, 0x0a, 0x0f, 0x0f, 0x0f, 0x0a, 0x0a, 0x05, 0x05, 0x0a, 0x0f, 0x0f, 0x0f, 0x0a, 0x0a, 0x0f, 0x0f, 0x0f, 0x0a, 0x0a, 0x05, 0x05, 0x0a, 0x0f, 0x0f, 0x0f, 0x0f, 0x0f, 0x0f, 0x0f, 0x0f, 0x0f, 0x0a, 0x05, 0x05, 0x05, 0x0a, 0x0f, 0x0f, 0x0f, 0x0f, 0x0f, 0x0f, 0x0a, 0x0a, 0x0a, 0x0a, 0x05, 0x05, 0x05, 0x0a, 0x0a, 0x0a, 0x0a, 0x0a, 0x0a, 0x0a, 0x0a, 0x0a, 0x05, 0x05, 0x05, 0x05, 0x05, 0x0a, 0x0a, 0x0a, 0x0a, 0x0a, 0x0a, 0x05, 0x05, 0x05,};
        fontdata[114] = new byte[]{0x05, 0x05, 0x05, 0x05, 0x05, 0x05, 0x05, 0x05, 0x05, 0x05, 0x05, 0x05, 0x05, 0x05, 0x05, 0x05, 0x05, 0x05, 0x05, 0x05, 0x05, 0x05, 0x05, 0x05, 0x05, 0x05, 0x05, 0x05, 0x05, 0x05, 0x05, 0x05, 0x05, 0x05, 0x05, 0x05, 0x05, 0x05, 0x05, 0x05, 0x05, 0x05, 0x05, 0x05, 0x05, 0x05, 0x05, 0x05, 0x05, 0x05, 0x05, 0x05, 0x05, 0x05, 0x05, 0x05, 0x05, 0x05, 0x05, 0x05, 0x05, 0x05, 0x05, 0x05, 0x05, 0x05, 0x05, 0x05, 0x05, 0x05, 0x05, 0x05, 0x05, 0x05, 0x05, 0x05, 0x05, 0x05, 0x05, 0x05, 0x05, 0x05, 0x05, 0x05, 0x05, 0x05, 0x05, 0x05, 0x05, 0x05, 0x05, 0x05, 0x05, 0x05, 0x05, 0x05, 0x05, 0x05, 0x05, 0x05, 0x05, 0x05, 0x05, 0x05, 0x05, 0x05, 0x05, 0x05, 0x05, 0x05, 0x05, 0x0a, 0x0a, 0x0a, 0x0a, 0x05, 0x0a, 0x0a, 0x05, 0x05, 0x05, 0x0a, 0x0f, 0x0f, 0x0f, 0x0f, 0x0a, 0x0f, 0x0f, 0x0a, 0x05, 0x05, 0x05, 0x0a, 0x0f, 0x0f, 0x0f, 0x0f, 0x0f, 0x0f, 0x0f, 0x0a, 0x05, 0x05, 0x0a, 0x0f, 0x0f, 0x0f, 0x0a, 0x0a, 0x0f, 0x0f, 0x0a, 0x0a, 0x05, 0x0a, 0x0f, 0x0f, 0x0f, 0x0a, 0x0a, 0x0a, 0x0a, 0x0a, 0x0a, 0x05, 0x0a, 0x0f, 0x0f, 0x0f, 0x0a, 0x0a, 0x05, 0x0a, 0x0a, 0x05, 0x05, 0x0a, 0x0f, 0x0f, 0x0f, 0x0a, 0x0a, 0x05, 0x05, 0x05, 0x05, 0x05, 0x0a, 0x0f, 0x0f, 0x0f, 0x0a, 0x0a, 0x05, 0x05, 0x05, 0x05, 0x0a, 0x0f, 0x0f, 0x0f, 0x0f, 0x0f, 0x0a, 0x05, 0x05, 0x05, 0x05, 0x05, 0x0a, 0x0a, 0x0a, 0x0a, 0x0a, 0x0a, 0x0a, 0x05, 0x05, 0x05, 0x05, 0x05, 0x0a, 0x0a, 0x0a, 0x0a, 0x0a, 0x05, 0x05, 0x05, 0x05,};
        fontdata[212] = new byte[]{0x05, 0x05, 0x05, 0x05, 0x05, 0x05, 0x05, 0x05, 0x0a, 0x0a, 0x0a, 0x05, 0x05, 0x05, 0x05, 0x05, 0x05, 0x05, 0x05, 0x05, 0x05, 0x05, 0x0a, 0x0f, 0x0f, 0x0f, 0x0a, 0x05, 0x05, 0x05, 0x05, 0x05, 0x05, 0x05, 0x05, 0x05, 0x0a, 0x0f, 0x0f, 0x0f, 0x0a, 0x0a, 0x0a, 0x05, 0x05, 0x05, 0x05, 0x05, 0x05, 0x05, 0x05, 0x0a, 0x0f, 0x0f, 0x0a, 0x0a, 0x0a, 0x05, 0x05, 0x05, 0x05, 0x05, 0x0a, 0x0a, 0x0a, 0x0a, 0x0f, 0x0f, 0x0a, 0x0a, 0x0a, 0x0a, 0x05, 0x05, 0x05, 0x05, 0x0a, 0x0f, 0x0f, 0x0f, 0x0f, 0x0f, 0x0f, 0x0f, 0x0f, 0x0f, 0x0f, 0x0a, 0x05, 0x05, 0x05, 0x0a, 0x0f, 0x0f, 0x0f, 0x0a, 0x0a, 0x0a, 0x0f, 0x0f, 0x0f, 0x0f, 0x0a, 0x0a, 0x05, 0x05, 0x0a, 0x0f, 0x0a, 0x0a, 0x0a, 0x0a, 0x0a, 0x0f, 0x0f, 0x0f, 0x0a, 0x0a, 0x0a, 0x05, 0x05, 0x0a, 0x0f, 0x0a, 0x0a, 0x0a, 0x0a, 0x0f, 0x0f, 0x0f, 0x0f, 0x0a, 0x0a, 0x05, 0x05, 0x0a, 0x0f, 0x0a, 0x0a, 0x0a, 0x05, 0x0a, 0x0f, 0x0f, 0x0f, 0x0a, 0x0a, 0x0a, 0x05, 0x05, 0x05, 0x0a, 0x0a, 0x0a, 0x05, 0x0a, 0x0f, 0x0f, 0x0f, 0x0a, 0x0a, 0x0a, 0x05, 0x05, 0x05, 0x05, 0x05, 0x0a, 0x05, 0x0a, 0x0f, 0x0f, 0x0f, 0x0f, 0x0a, 0x0a, 0x05, 0x05, 0x05, 0x05, 0x05, 0x05, 0x05, 0x05, 0x0a, 0x0f, 0x0f, 0x0f, 0x0a, 0x0a, 0x0a, 0x05, 0x05, 0x05, 0x05, 0x05, 0x05, 0x05, 0x0a, 0x0f, 0x0f, 0x0f, 0x0f, 0x0a, 0x0a, 0x05, 0x05, 0x0a, 0x05, 0x05, 0x05, 0x05, 0x0a, 0x0f, 0x0f, 0x0f, 0x0f, 0x0a, 0x0a, 0x0a, 0x05, 0x0a, 0x0f, 0x0a, 0x05, 0x05, 0x05, 0x0a, 0x0f, 0x0f, 0x0f, 0x0a, 0x0a, 0x0a, 0x05, 0x05, 0x0a, 0x0f, 0x0a, 0x0a, 0x05, 0x0a, 0x0f, 0x0f, 0x0f, 0x0f, 0x0a, 0x0a, 0x05, 0x05, 0x0a, 0x0f, 0x0f, 0x0a, 0x0a, 0x05, 0x0a, 0x0f, 0x0f, 0x0f, 0x0a, 0x0a, 0x0a, 0x0a, 0x0a, 0x0f, 0x0f, 0x0f, 0x0a, 0x0a, 0x0a, 0x0f, 0x0f, 0x0f, 0x0f, 0x0f, 0x0f, 0x0f, 0x0f, 0x0f, 0x0f, 0x0f, 0x0f, 0x0a, 0x0a, 0x05, 0x0a, 0x0a, 0x0a, 0x0a, 0x0a, 0x0a, 0x0a, 0x0a, 0x0a, 0x0a, 0x0a, 0x0a, 0x0a, 0x0a, 0x05, 0x05, 0x0a, 0x0a, 0x0a, 0x0a, 0x0a, 0x0a, 0x0a, 0x0a, 0x0a, 0x0a, 0x0a, 0x0a, 0x05,};
        fontdata[217] = new byte[]{0x05, 0x05, 0x05, 0x05, 0x0a, 0x0a, 0x05, 0x05, 0x05, 0x0a, 0x0a, 0x05, 0x05, 0x05, 0x05, 0x05, 0x05, 0x05, 0x05, 0x05, 0x05, 0x0a, 0x0f, 0x0f, 0x0a, 0x0a, 0x0a, 0x0f, 0x0f, 0x0a, 0x05, 0x05, 0x05, 0x05, 0x05, 0x05, 0x05, 0x05, 0x05, 0x05, 0x0a, 0x0f, 0x0f, 0x0f, 0x0f, 0x0f, 0x0a, 0x0a, 0x0a, 0x05, 0x05, 0x05, 0x05, 0x05, 0x05, 0x05, 0x05, 0x05, 0x05, 0x0a, 0x0f, 0x0f, 0x0f, 0x0a, 0x0a, 0x0a, 0x05, 0x05, 0x05, 0x05, 0x05, 0x05, 0x05, 0x0a, 0x0a, 0x0a, 0x0a, 0x0a, 0x0f, 0x0f, 0x0a, 0x0a, 0x0a, 0x0a, 0x05, 0x05, 0x05, 0x05, 0x05, 0x05, 0x0a, 0x0f, 0x0f, 0x0f, 0x0f, 0x0f, 0x0f, 0x0f, 0x0f, 0x0f, 0x0f, 0x0f, 0x0a, 0x05, 0x05, 0x05, 0x05, 0x05, 0x05, 0x0a, 0x0a, 0x0f, 0x0f, 0x0f, 0x0a, 0x0a, 0x0a, 0x0f, 0x0f, 0x0f, 0x0f, 0x0a, 0x05, 0x05, 0x05, 0x05, 0x05, 0x05, 0x0a, 0x0f, 0x0f, 0x0f, 0x0a, 0x0a, 0x0a, 0x0a, 0x0f, 0x0f, 0x0f, 0x0f, 0x0a, 0x05, 0x05, 0x05, 0x05, 0x05, 0x0a, 0x0f, 0x0f, 0x0f, 0x0a, 0x0a, 0x05, 0x0a, 0x0f, 0x0f, 0x0f, 0x0f, 0x0a, 0x0a, 0x05, 0x05, 0x05, 0x05, 0x0a, 0x0f, 0x0f, 0x0f, 0x0a, 0x0a, 0x05, 0x0a, 0x0f, 0x0f, 0x0f, 0x0f, 0x0a, 0x0a, 0x05, 0x05, 0x05, 0x05, 0x0a, 0x0f, 0x0f, 0x0f, 0x0a, 0x0a, 0x05, 0x0a, 0x0f, 0x0f, 0x0f, 0x0a, 0x0a, 0x0a, 0x05, 0x05, 0x05, 0x05, 0x0a, 0x0f, 0x0f, 0x0f, 0x0a, 0x0a, 0x0a, 0x0f, 0x0f, 0x0f, 0x0a, 0x0a, 0x0a, 0x05, 0x05, 0x05, 0x05, 0x05, 0x0a, 0x0f, 0x0f, 0x0f, 0x0f, 0x0f, 0x0f, 0x0f, 0x0f, 0x0a, 0x0a, 0x0a, 0x05, 0x05, 0x05, 0x05, 0x05, 0x05, 0x0a, 0x0f, 0x0f, 0x0f, 0x0a, 0x0f, 0x0f, 0x0f, 0x0f, 0x0a, 0x0a, 0x05, 0x05, 0x05, 0x05, 0x05, 0x05, 0x05, 0x0a, 0x0f, 0x0f, 0x0f, 0x0a, 0x0a, 0x0f, 0x0f, 0x0f, 0x0f, 0x0a, 0x05, 0x05, 0x05, 0x05, 0x05, 0x05, 0x05, 0x0a, 0x0f, 0x0f, 0x0f, 0x0a, 0x0a, 0x0a, 0x0f, 0x0f, 0x0f, 0x0f, 0x0a, 0x05, 0x05, 0x05, 0x05, 0x05, 0x05, 0x0a, 0x0f, 0x0f, 0x0f, 0x0a, 0x0a, 0x0a, 0x0f, 0x0f, 0x0f, 0x0f, 0x0f, 0x0a, 0x05, 0x05, 0x05, 0x05, 0x0a, 0x0a, 0x0f, 0x0f, 0x0f, 0x0a, 0x0a, 0x05, 0x0a, 0x0f, 0x0f, 0x0f, 0x0f, 0x0a, 0x0a, 0x05, 0x05, 0x0a, 0x0f, 0x0f, 0x0f, 0x0f, 0x0f, 0x0f, 0x0f, 0x0a, 0x05, 0x0a, 0x0f, 0x0f, 0x0f, 0x0f, 0x0f, 0x0a, 0x05, 0x05, 0x0a, 0x0a, 0x0a, 0x0a, 0x0a, 0x0a, 0x0a, 0x0a, 0x0a, 0x05, 0x0a, 0x0a, 0x0a, 0x0a, 0x0a, 0x0a, 0x0a, 0x05, 0x05, 0x0a, 0x0a, 0x0a, 0x0a, 0x0a, 0x0a, 0x0a, 0x05, 0x05, 0x05, 0x0a, 0x0a, 0x0a, 0x0a, 0x0a, 0x05,};
        fontdata[75] = new byte[]{0x05, 0x05, 0x05, 0x05, 0x05, 0x05, 0x05, 0x05, 0x05, 0x05, 0x05, 0x05, 0x05, 0x05, 0x05, 0x05, 0x05, 0x05, 0x05, 0x05, 0x05, 0x05, 0x05, 0x05, 0x05, 0x05, 0x05, 0x05, 0x05, 0x05, 0x05, 0x05, 0x05, 0x05, 0x05, 0x05, 0x05, 0x05, 0x05, 0x05, 0x05, 0x05, 0x05, 0x05, 0x05, 0x05, 0x05, 0x05, 0x05, 0x05, 0x05, 0x05, 0x05, 0x05, 0x05, 0x05, 0x05, 0x05, 0x05, 0x05, 0x05, 0x05, 0x05, 0x05, 0x05, 0x05, 0x05, 0x05, 0x05, 0x05, 0x05, 0x05, 0x05, 0x05, 0x05, 0x05, 0x05, 0x0a, 0x0a, 0x0a, 0x0a, 0x0a, 0x0a, 0x0a, 0x05, 0x05, 0x0a, 0x0a, 0x0a, 0x0a, 0x0a, 0x0a, 0x05, 0x05, 0x05, 0x0a, 0x0f, 0x0f, 0x0f, 0x0f, 0x0f, 0x0f, 0x0f, 0x0a, 0x0a, 0x0f, 0x0f, 0x0f, 0x0f, 0x0f, 0x0f, 0x0a, 0x05, 0x05, 0x05, 0x0a, 0x0a, 0x0f, 0x0f, 0x0f, 0x0a, 0x0a, 0x0a, 0x0a, 0x0a, 0x0a, 0x0f, 0x0a, 0x0a, 0x0a, 0x0a, 0x0a, 0x05, 0x05, 0x05, 0x0a, 0x0f, 0x0f, 0x0f, 0x0a, 0x0a, 0x0a, 0x05, 0x0a, 0x0f, 0x0a, 0x0a, 0x0a, 0x0a, 0x0a, 0x05, 0x05, 0x05, 0x05, 0x0a, 0x0f, 0x0f, 0x0f, 0x0a, 0x0a, 0x05, 0x0a, 0x0f, 0x0a, 0x0a, 0x0a, 0x05, 0x05, 0x05, 0x05, 0x05, 0x05, 0x05, 0x0a, 0x0f, 0x0f, 0x0f, 0x0a, 0x0a, 0x0a, 0x0f, 0x0a, 0x0a, 0x0a, 0x05, 0x05, 0x05, 0x05, 0x05, 0x05, 0x05, 0x05, 0x0a, 0x0f, 0x0f, 0x0f, 0x0a, 0x0a, 0x0f, 0x0f, 0x0a, 0x0a, 0x05, 0x05, 0x05, 0x05, 0x05, 0x05, 0x05, 0x05, 0x05, 0x0a, 0x0f, 0x0f, 0x0f, 0x0a, 0x0f, 0x0f, 0x0f, 0x0f, 0x0a, 0x05, 0x05, 0x05, 0x05, 0x05, 0x05, 0x05, 0x05, 0x05, 0x0a, 0x0f, 0x0f, 0x0f, 0x0f, 0x0f, 0x0f, 0x0f, 0x0f, 0x0f, 0x0a, 0x05, 0x05, 0x05, 0x05, 0x05, 0x05, 0x05, 0x05, 0x0a, 0x0f, 0x0f, 0x0f, 0x0a, 0x0a, 0x0f, 0x0f, 0x0f, 0x0f, 0x0a, 0x0a, 0x05, 0x05, 0x05, 0x05, 0x05, 0x05, 0x05, 0x0a, 0x0f, 0x0f, 0x0f, 0x0a, 0x0a, 0x0a, 0x0f, 0x0f, 0x0f, 0x0f, 0x0a, 0x05, 0x05, 0x05, 0x05, 0x05, 0x05, 0x05, 0x0a, 0x0f, 0x0f, 0x0f, 0x0a, 0x0a, 0x05, 0x0a, 0x0f, 0x0f, 0x0f, 0x0f, 0x0a, 0x05, 0x05, 0x05, 0x05, 0x05, 0x05, 0x0a, 0x0f, 0x0f, 0x0f, 0x0a, 0x0a, 0x05, 0x05, 0x0a, 0x0f, 0x0f, 0x0f, 0x0f, 0x0a, 0x05, 0x05, 0x05, 0x05, 0x0a, 0x0a, 0x0f, 0x0f, 0x0f, 0x0a, 0x0a, 0x05, 0x05, 0x0a, 0x0a, 0x0f, 0x0f, 0x0f, 0x0f, 0x0a, 0x05, 0x05, 0x0a, 0x0f, 0x0f, 0x0f, 0x0f, 0x0f, 0x0f, 0x0f, 0x0a, 0x0a, 0x0f, 0x0f, 0x0f, 0x0f, 0x0f, 0x0f, 0x0f, 0x0a, 0x05, 0x05, 0x0a, 0x0a, 0x0a, 0x0a, 0x0a, 0x0a, 0x0a, 0x0a, 0x0a, 0x0a, 0x0a, 0x0a, 0x0a, 0x0a, 0x0a, 0x0a, 0x0a, 0x0a, 0x05, 0x05, 0x0a, 0x0a, 0x0a, 0x0a, 0x0a, 0x0a, 0x0a, 0x05, 0x05, 0x0a, 0x0a, 0x0a, 0x0a, 0x0a, 0x0a, 0x0a, 0x05,};
        fontdata[226] = new byte[]{0x05, 0x05, 0x05, 0x05, 0x05, 0x05, 0x05, 0x05, 0x05, 0x05, 0x05, 0x05, 0x05, 0x05, 0x05, 0x05, 0x05, 0x05, 0x05, 0x05, 0x05, 0x05, 0x05, 0x05, 0x05, 0x05, 0x05, 0x05, 0x05, 0x05, 0x05, 0x05, 0x05, 0x05, 0x05, 0x05, 0x05, 0x05, 0x05, 0x05, 0x05, 0x05, 0x05, 0x05, 0x05, 0x05, 0x05, 0x05, 0x05, 0x05, 0x05, 0x05, 0x05, 0x05, 0x05, 0x05, 0x0a, 0x0a, 0x0a, 0x0a, 0x0a, 0x05, 0x05, 0x05, 0x05, 0x05, 0x05, 0x05, 0x0a, 0x0f, 0x0f, 0x0f, 0x0f, 0x0f, 0x0a, 0x05, 0x05, 0x05, 0x05, 0x05, 0x0a, 0x0f, 0x0f, 0x0a, 0x0a, 0x0a, 0x0f, 0x0f, 0x0a, 0x05, 0x05, 0x05, 0x0a, 0x0f, 0x0f, 0x0f, 0x0a, 0x0a, 0x0a, 0x0f, 0x0f, 0x0f, 0x0a, 0x05, 0x05, 0x0a, 0x0f, 0x0f, 0x0f, 0x0a, 0x0a, 0x0a, 0x0f, 0x0f, 0x0f, 0x0a, 0x0a, 0x05, 0x0a, 0x0f, 0x0f, 0x0f, 0x0a, 0x0a, 0x0a, 0x0f, 0x0f, 0x0f, 0x0a, 0x0a, 0x05, 0x0a, 0x0f, 0x0f, 0x0f, 0x0a, 0x0a, 0x0a, 0x0f, 0x0a, 0x0a, 0x0a, 0x0a, 0x05, 0x0a, 0x0f, 0x0f, 0x0f, 0x0a, 0x0f, 0x0f, 0x0f, 0x0a, 0x0a, 0x0a, 0x05, 0x05, 0x0a, 0x0f, 0x0f, 0x0f, 0x0a, 0x0a, 0x0a, 0x0f, 0x0f, 0x0a, 0x05, 0x05, 0x05, 0x0a, 0x0f, 0x0f, 0x0f, 0x0a, 0x0a, 0x0a, 0x0f, 0x0f, 0x0f, 0x0a, 0x05, 0x05, 0x0a, 0x0f, 0x0f, 0x0f, 0x0a, 0x0a, 0x0a, 0x0f, 0x0f, 0x0f, 0x0a, 0x0a, 0x05, 0x0a, 0x0f, 0x0f, 0x0f, 0x0a, 0x0a, 0x0a, 0x0f, 0x0f, 0x0f, 0x0a, 0x0a, 0x05, 0x0a, 0x0f, 0x0f, 0x0f, 0x0a, 0x0a, 0x0a, 0x0f, 0x0f, 0x0f, 0x0a, 0x0a, 0x05, 0x0a, 0x0f, 0x0f, 0x0f, 0x0a, 0x0a, 0x0a, 0x0f, 0x0f, 0x0a, 0x0a, 0x0a, 0x0a, 0x0f, 0x0f, 0x0f, 0x0f, 0x0a, 0x0f, 0x0f, 0x0f, 0x0a, 0x0a, 0x0a, 0x05, 0x05, 0x0a, 0x0a, 0x0a, 0x0a, 0x0a, 0x0a, 0x0a, 0x0a, 0x0a, 0x0a, 0x05, 0x05, 0x05, 0x05, 0x0a, 0x0a, 0x0a, 0x0a, 0x05, 0x0a, 0x0a, 0x0a, 0x05, 0x05, 0x05,};
        fontdata[115] = new byte[]{0x05, 0x05, 0x05, 0x05, 0x05, 0x05, 0x05, 0x05, 0x05, 0x05, 0x05, 0x05, 0x05, 0x05, 0x05, 0x05, 0x05, 0x05, 0x05, 0x05, 0x05, 0x05, 0x05, 0x05, 0x05, 0x05, 0x05, 0x05, 0x05, 0x05, 0x05, 0x05, 0x05, 0x05, 0x05, 0x05, 0x05, 0x05, 0x05, 0x05, 0x05, 0x05, 0x05, 0x05, 0x05, 0x05, 0x05, 0x05, 0x05, 0x05, 0x05, 0x05, 0x05, 0x05, 0x05, 0x05, 0x05, 0x05, 0x05, 0x05, 0x05, 0x05, 0x05, 0x05, 0x05, 0x05, 0x05, 0x05, 0x05, 0x05, 0x05, 0x05, 0x05, 0x05, 0x05, 0x05, 0x05, 0x05, 0x05, 0x05, 0x05, 0x05, 0x05, 0x05, 0x05, 0x05, 0x05, 0x05, 0x05, 0x05, 0x05, 0x05, 0x05, 0x05, 0x05, 0x05, 0x05, 0x05, 0x05, 0x05, 0x05, 0x05, 0x0a, 0x0a, 0x0a, 0x0a, 0x05, 0x0a, 0x05, 0x05, 0x05, 0x0a, 0x0f, 0x0f, 0x0f, 0x0f, 0x0a, 0x0f, 0x0a, 0x05, 0x0a, 0x0f, 0x0f, 0x0f, 0x0a, 0x0a, 0x0f, 0x0f, 0x0a, 0x0a, 0x0a, 0x0f, 0x0f, 0x0f, 0x0a, 0x0a, 0x0a, 0x0f, 0x0a, 0x0a, 0x05, 0x0a, 0x0f, 0x0f, 0x0f, 0x0f, 0x0a, 0x0a, 0x0a, 0x0a, 0x05, 0x0a, 0x0a, 0x0a, 0x0f, 0x0f, 0x0f, 0x0f, 0x0a, 0x05, 0x0a, 0x0f, 0x0a, 0x0a, 0x0a, 0x0a, 0x0f, 0x0f, 0x0a, 0x0a, 0x0a, 0x0f, 0x0f, 0x0a, 0x0a, 0x0a, 0x0f, 0x0f, 0x0a, 0x0a, 0x0a, 0x0f, 0x0a, 0x0f, 0x0f, 0x0f, 0x0f, 0x0a, 0x0a, 0x0a, 0x05, 0x0a, 0x0a, 0x0a, 0x0a, 0x0a, 0x0a, 0x0a, 0x0a, 0x05, 0x05, 0x05, 0x0a, 0x05, 0x0a, 0x0a, 0x0a, 0x0a, 0x05, 0x05,};
        fontdata[224] = new byte[]{0x05, 0x05, 0x05, 0x05, 0x05, 0x0a, 0x0a, 0x0a, 0x05, 0x0a, 0x0a, 0x0a, 0x05, 0x05, 0x05, 0x05, 0x05, 0x05, 0x05, 0x05, 0x05, 0x05, 0x0a, 0x0f, 0x0f, 0x0f, 0x0a, 0x0f, 0x0f, 0x0f, 0x0a, 0x05, 0x05, 0x05, 0x05, 0x05, 0x05, 0x05, 0x05, 0x05, 0x0a, 0x0f, 0x0f, 0x0f, 0x0a, 0x0f, 0x0f, 0x0f, 0x0a, 0x0a, 0x05, 0x05, 0x05, 0x05, 0x05, 0x05, 0x05, 0x05, 0x0a, 0x0f, 0x0f, 0x0f, 0x0a, 0x0f, 0x0f, 0x0f, 0x0a, 0x0a, 0x05, 0x05, 0x05, 0x05, 0x05, 0x0a, 0x0a, 0x0a, 0x0a, 0x0f, 0x0f, 0x0a, 0x0a, 0x0f, 0x0f, 0x0a, 0x0a, 0x0a, 0x0a, 0x0a, 0x05, 0x05, 0x0a, 0x0f, 0x0f, 0x0f, 0x0f, 0x0f, 0x0f, 0x0f, 0x0a, 0x0a, 0x0f, 0x0f, 0x0f, 0x0f, 0x0f, 0x0f, 0x0a, 0x05, 0x05, 0x0a, 0x0a, 0x0f, 0x0f, 0x0f, 0x0a, 0x0a, 0x0a, 0x0a, 0x0a, 0x0a, 0x0f, 0x0f, 0x0a, 0x0a, 0x0a, 0x0a, 0x05, 0x05, 0x0a, 0x0f, 0x0f, 0x0f, 0x0a, 0x0a, 0x0a, 0x05, 0x05, 0x0a, 0x0a, 0x0f, 0x0a, 0x0a, 0x0a, 0x05, 0x05, 0x05, 0x0a, 0x0f, 0x0f, 0x0f, 0x0a, 0x0a, 0x05, 0x05, 0x05, 0x05, 0x0a, 0x0f, 0x0a, 0x0a, 0x05, 0x05, 0x05, 0x05, 0x0a, 0x0f, 0x0f, 0x0f, 0x0a, 0x0a, 0x05, 0x05, 0x05, 0x05, 0x0a, 0x0f, 0x0a, 0x0a, 0x05, 0x05, 0x05, 0x05, 0x0a, 0x0f, 0x0f, 0x0f, 0x0a, 0x0a, 0x05, 0x05, 0x05, 0x05, 0x0a, 0x0f, 0x0a, 0x0a, 0x05, 0x05, 0x05, 0x05, 0x0a, 0x0f, 0x0f, 0x0f, 0x0a, 0x0a, 0x05, 0x05, 0x05, 0x05, 0x0a, 0x0f, 0x0a, 0x0a, 0x05, 0x05, 0x05, 0x05, 0x0a, 0x0f, 0x0f, 0x0f, 0x0a, 0x0a, 0x05, 0x05, 0x05, 0x05, 0x0a, 0x0f, 0x0a, 0x0a, 0x05, 0x05, 0x05, 0x05, 0x0a, 0x0f, 0x0f, 0x0f, 0x0a, 0x0a, 0x05, 0x05, 0x05, 0x05, 0x0a, 0x0f, 0x0a, 0x0a, 0x05, 0x05, 0x05, 0x05, 0x0a, 0x0f, 0x0f, 0x0f, 0x0a, 0x0a, 0x05, 0x05, 0x05, 0x05, 0x0a, 0x0f, 0x0a, 0x0a, 0x05, 0x05, 0x05, 0x05, 0x0a, 0x0f, 0x0f, 0x0f, 0x0a, 0x0a, 0x05, 0x05, 0x05, 0x05, 0x0a, 0x0f, 0x0a, 0x0a, 0x05, 0x05, 0x05, 0x05, 0x0a, 0x0f, 0x0f, 0x0f, 0x0a, 0x0a, 0x05, 0x05, 0x05, 0x0a, 0x0f, 0x0f, 0x0a, 0x0a, 0x05, 0x05, 0x05, 0x05, 0x05, 0x0a, 0x0f, 0x0f, 0x0f, 0x0a, 0x0a, 0x0a, 0x0a, 0x0f, 0x0f, 0x0a, 0x0a, 0x0a, 0x05, 0x05, 0x05, 0x05, 0x05, 0x05, 0x0a, 0x0a, 0x0f, 0x0f, 0x0f, 0x0f, 0x0f, 0x0a, 0x0a, 0x0a, 0x0a, 0x05, 0x05, 0x05, 0x05, 0x05, 0x05, 0x05, 0x05, 0x0a, 0x0a, 0x0a, 0x0a, 0x0a, 0x0a, 0x0a, 0x0a, 0x0a, 0x05, 0x05, 0x05, 0x05, 0x05, 0x05, 0x05, 0x05, 0x05, 0x05, 0x05, 0x0a, 0x0a, 0x0a, 0x0a, 0x0a, 0x05, 0x05, 0x05, 0x05, 0x05, 0x05,};
        fontdata[77] = new byte[]{0x05, 0x05, 0x05, 0x05, 0x05, 0x05, 0x05, 0x05, 0x05, 0x05, 0x05, 0x05, 0x05, 0x05, 0x05, 0x05, 0x05, 0x05, 0x05, 0x05, 0x05, 0x05, 0x05, 0x05, 0x05, 0x05, 0x05, 0x05, 0x05, 0x05, 0x05, 0x05, 0x05, 0x05, 0x05, 0x05, 0x05, 0x05, 0x05, 0x05, 0x05, 0x05, 0x05, 0x05, 0x05, 0x05, 0x05, 0x05, 0x05, 0x05, 0x05, 0x05, 0x05, 0x05, 0x05, 0x05, 0x05, 0x05, 0x05, 0x05, 0x05, 0x05, 0x05, 0x05, 0x05, 0x05, 0x05, 0x05, 0x05, 0x05, 0x05, 0x05, 0x05, 0x05, 0x05, 0x05, 0x05, 0x05, 0x05, 0x05, 0x05, 0x05, 0x05, 0x05, 0x05, 0x05, 0x05, 0x05, 0x05, 0x0a, 0x0a, 0x0a, 0x0a, 0x0a, 0x0a, 0x05, 0x05, 0x05, 0x05, 0x05, 0x05, 0x05, 0x05, 0x0a, 0x0a, 0x0a, 0x0a, 0x0a, 0x05, 0x05, 0x0a, 0x0f, 0x0f, 0x0f, 0x0f, 0x0f, 0x0f, 0x0a, 0x05, 0x05, 0x05, 0x05, 0x05, 0x05, 0x0a, 0x0f, 0x0f, 0x0f, 0x0f, 0x0f, 0x0a, 0x05, 0x05, 0x0a, 0x0a, 0x0f, 0x0f, 0x0f, 0x0f, 0x0a, 0x0a, 0x05, 0x05, 0x05, 0x05, 0x0a, 0x0f, 0x0f, 0x0f, 0x0f, 0x0a, 0x0a, 0x0a, 0x0a, 0x05, 0x05, 0x0a, 0x0f, 0x0f, 0x0f, 0x0f, 0x0f, 0x0a, 0x05, 0x05, 0x05, 0x05, 0x0a, 0x0f, 0x0f, 0x0f, 0x0f, 0x0a, 0x0a, 0x0a, 0x05, 0x05, 0x05, 0x0a, 0x0f, 0x0a, 0x0f, 0x0f, 0x0f, 0x0a, 0x0a, 0x05, 0x05, 0x0a, 0x0f, 0x0a, 0x0f, 0x0f, 0x0f, 0x0a, 0x0a, 0x05, 0x05, 0x05, 0x05, 0x0a, 0x0f, 0x0a, 0x0f, 0x0f, 0x0f, 0x0a, 0x0a, 0x05, 0x05, 0x0a, 0x0f, 0x0a, 0x0f, 0x0f, 0x0f, 0x0a, 0x0a, 0x05, 0x05, 0x05, 0x05, 0x0a, 0x0f, 0x0a, 0x0f, 0x0f, 0x0f, 0x0f, 0x0a, 0x05, 0x0a, 0x0f, 0x0a, 0x0a, 0x0f, 0x0f, 0x0f, 0x0a, 0x0a, 0x05, 0x05, 0x05, 0x05, 0x0a, 0x0f, 0x0a, 0x0a, 0x0f, 0x0f, 0x0f, 0x0a, 0x0a, 0x0a, 0x0f, 0x0a, 0x0a, 0x0f, 0x0f, 0x0f, 0x0a, 0x0a, 0x05, 0x05, 0x05, 0x05, 0x0a, 0x0f, 0x0a, 0x0a, 0x0f, 0x0f, 0x0f, 0x0f, 0x0a, 0x0a, 0x0f, 0x0a, 0x0a, 0x0f, 0x0f, 0x0f, 0x0a, 0x0a, 0x05, 0x05, 0x05, 0x05, 0x0a, 0x0f, 0x0a, 0x0a, 0x0a, 0x0f, 0x0f, 0x0f, 0x0a, 0x0f, 0x0a, 0x0a, 0x0a, 0x0f, 0x0f, 0x0f, 0x0a, 0x0a, 0x05, 0x05, 0x05, 0x05, 0x0a, 0x0f, 0x0a, 0x0a, 0x0a, 0x0f, 0x0f, 0x0f, 0x0a, 0x0f, 0x0a, 0x0a, 0x0a, 0x0f, 0x0f, 0x0f, 0x0a, 0x0a, 0x05, 0x05, 0x05, 0x05, 0x0a, 0x0f, 0x0a, 0x0a, 0x05, 0x0a, 0x0f, 0x0f, 0x0f, 0x0a, 0x0a, 0x0a, 0x0a, 0x0f, 0x0f, 0x0f, 0x0a, 0x0a, 0x05, 0x05, 0x05, 0x05, 0x0a, 0x0f, 0x0a, 0x0a, 0x05, 0x0a, 0x0f, 0x0f, 0x0f, 0x0a, 0x0a, 0x05, 0x0a, 0x0f, 0x0f, 0x0f, 0x0a, 0x0a, 0x05, 0x05, 0x05, 0x0a, 0x0a, 0x0f, 0x0a, 0x0a, 0x05, 0x05, 0x0a, 0x0f, 0x0a, 0x0a, 0x0a, 0x0a, 0x0a, 0x0f, 0x0f, 0x0f, 0x0a, 0x0a, 0x05, 0x05, 0x0a, 0x0f, 0x0f, 0x0f, 0x0f, 0x0f, 0x0a, 0x05, 0x0a, 0x0f, 0x0a, 0x0a, 0x0a, 0x0f, 0x0f, 0x0f, 0x0f, 0x0f, 0x0f, 0x0f, 0x0a, 0x05, 0x05, 0x0a, 0x0a, 0x0a, 0x0a, 0x0a, 0x0a, 0x0a, 0x05, 0x0a, 0x0a, 0x0a, 0x05, 0x0a, 0x0a, 0x0a, 0x0a, 0x0a, 0x0a, 0x0a, 0x0a, 0x0a, 0x05, 0x05, 0x0a, 0x0a, 0x0a, 0x0a, 0x0a, 0x05, 0x05, 0x05, 0x0a, 0x05, 0x05, 0x05, 0x0a, 0x0a, 0x0a, 0x0a, 0x0a, 0x0a, 0x0a, 0x05,};
        fontdata[85] = new byte[]{0x05, 0x05, 0x05, 0x05, 0x05, 0x05, 0x05, 0x05, 0x05, 0x05, 0x05, 0x05, 0x05, 0x05, 0x05, 0x05, 0x05, 0x05, 0x05, 0x05, 0x05, 0x05, 0x05, 0x05, 0x05, 0x05, 0x05, 0x05, 0x05, 0x05, 0x05, 0x05, 0x05, 0x05, 0x05, 0x05, 0x05, 0x05, 0x05, 0x05, 0x05, 0x05, 0x05, 0x05, 0x05, 0x05, 0x05, 0x05, 0x05, 0x05, 0x05, 0x05, 0x05, 0x05, 0x05, 0x05, 0x05, 0x05, 0x05, 0x05, 0x05, 0x05, 0x05, 0x05, 0x05, 0x05, 0x05, 0x05, 0x05, 0x05, 0x05, 0x05, 0x05, 0x0a, 0x0a, 0x0a, 0x0a, 0x0a, 0x0a, 0x0a, 0x05, 0x05, 0x05, 0x0a, 0x0a, 0x0a, 0x0a, 0x0a, 0x05, 0x05, 0x0a, 0x0f, 0x0f, 0x0f, 0x0f, 0x0f, 0x0f, 0x0f, 0x0a, 0x05, 0x0a, 0x0f, 0x0f, 0x0f, 0x0f, 0x0f, 0x0a, 0x05, 0x05, 0x0a, 0x0a, 0x0f, 0x0f, 0x0f, 0x0a, 0x0a, 0x0a, 0x0a, 0x05, 0x0a, 0x0a, 0x0f, 0x0a, 0x0a, 0x0a, 0x0a, 0x05, 0x05, 0x0a, 0x0f, 0x0f, 0x0f, 0x0a, 0x0a, 0x0a, 0x05, 0x05, 0x05, 0x0a, 0x0f, 0x0a, 0x0a, 0x0a, 0x05, 0x05, 0x05, 0x0a, 0x0f, 0x0f, 0x0f, 0x0a, 0x0a, 0x05, 0x05, 0x05, 0x05, 0x0a, 0x0f, 0x0a, 0x0a, 0x05, 0x05, 0x05, 0x05, 0x0a, 0x0f, 0x0f, 0x0f, 0x0a, 0x0a, 0x05, 0x05, 0x05, 0x05, 0x0a, 0x0f, 0x0a, 0x0a, 0x05, 0x05, 0x05, 0x05, 0x0a, 0x0f, 0x0f, 0x0f, 0x0a, 0x0a, 0x05, 0x05, 0x05, 0x05, 0x0a, 0x0f, 0x0a, 0x0a, 0x05, 0x05, 0x05, 0x05, 0x0a, 0x0f, 0x0f, 0x0f, 0x0a, 0x0a, 0x05, 0x05, 0x05, 0x05, 0x0a, 0x0f, 0x0a, 0x0a, 0x05, 0x05, 0x05, 0x05, 0x0a, 0x0f, 0x0f, 0x0f, 0x0a, 0x0a, 0x05, 0x05, 0x05, 0x05, 0x0a, 0x0f, 0x0a, 0x0a, 0x05, 0x05, 0x05, 0x05, 0x0a, 0x0f, 0x0f, 0x0f, 0x0a, 0x0a, 0x05, 0x05, 0x05, 0x05, 0x0a, 0x0f, 0x0a, 0x0a, 0x05, 0x05, 0x05, 0x05, 0x0a, 0x0f, 0x0f, 0x0f, 0x0a, 0x0a, 0x05, 0x05, 0x05, 0x05, 0x0a, 0x0f, 0x0a, 0x0a, 0x05, 0x05, 0x05, 0x05, 0x0a, 0x0f, 0x0f, 0x0f, 0x0a, 0x0a, 0x05, 0x05, 0x05, 0x05, 0x0a, 0x0f, 0x0a, 0x0a, 0x05, 0x05, 0x05, 0x05, 0x0a, 0x0f, 0x0f, 0x0f, 0x0a, 0x0a, 0x05, 0x05, 0x05, 0x0a, 0x0f, 0x0f, 0x0a, 0x0a, 0x05, 0x05, 0x05, 0x05, 0x05, 0x0a, 0x0f, 0x0f, 0x0f, 0x0a, 0x0a, 0x0a, 0x0a, 0x0f, 0x0f, 0x0a, 0x0a, 0x0a, 0x05, 0x05, 0x05, 0x05, 0x05, 0x05, 0x0a, 0x0a, 0x0f, 0x0f, 0x0f, 0x0f, 0x0f, 0x0a, 0x0a, 0x0a, 0x0a, 0x05, 0x05, 0x05, 0x05, 0x05, 0x05, 0x05, 0x05, 0x0a, 0x0a, 0x0a, 0x0a, 0x0a, 0x0a, 0x0a, 0x0a, 0x0a, 0x05, 0x05, 0x05, 0x05, 0x05, 0x05, 0x05, 0x05, 0x05, 0x05, 0x05, 0x0a, 0x0a, 0x0a, 0x0a, 0x0a, 0x05, 0x05, 0x05, 0x05, 0x05, 0x05,};
        fontdata[67] = new byte[]{0x05, 0x05, 0x05, 0x05, 0x05, 0x05, 0x05, 0x05, 0x05, 0x05, 0x05, 0x05, 0x05, 0x05, 0x05, 0x05, 0x05, 0x05, 0x05, 0x05, 0x05, 0x05, 0x05, 0x05, 0x05, 0x05, 0x05, 0x05, 0x05, 0x05, 0x05, 0x05, 0x05, 0x05, 0x05, 0x05, 0x05, 0x05, 0x05, 0x05, 0x05, 0x05, 0x05, 0x05, 0x05, 0x05, 0x05, 0x05, 0x05, 0x05, 0x05, 0x05, 0x05, 0x05, 0x05, 0x05, 0x05, 0x05, 0x05, 0x05, 0x05, 0x05, 0x05, 0x05, 0x05, 0x0a, 0x0a, 0x0a, 0x0a, 0x0a, 0x05, 0x05, 0x0a, 0x05, 0x05, 0x05, 0x05, 0x05, 0x0a, 0x0a, 0x0f, 0x0f, 0x0f, 0x0f, 0x0f, 0x0a, 0x0a, 0x0f, 0x0a, 0x05, 0x05, 0x05, 0x0a, 0x0f, 0x0f, 0x0f, 0x0f, 0x0a, 0x0a, 0x0a, 0x0f, 0x0f, 0x0f, 0x0a, 0x0a, 0x05, 0x05, 0x0a, 0x0f, 0x0f, 0x0f, 0x0a, 0x0a, 0x0a, 0x0a, 0x0a, 0x0f, 0x0f, 0x0a, 0x0a, 0x05, 0x0a, 0x0f, 0x0f, 0x0f, 0x0a, 0x0a, 0x0a, 0x05, 0x05, 0x05, 0x0a, 0x0f, 0x0a, 0x0a, 0x0a, 0x0f, 0x0f, 0x0f, 0x0f, 0x0a, 0x0a, 0x05, 0x05, 0x05, 0x05, 0x0a, 0x0f, 0x0a, 0x0a, 0x0a, 0x0f, 0x0f, 0x0f, 0x0f, 0x0a, 0x0a, 0x05, 0x05, 0x05, 0x05, 0x05, 0x0a, 0x0a, 0x0a, 0x0a, 0x0f, 0x0f, 0x0f, 0x0f, 0x0a, 0x0a, 0x05, 0x05, 0x05, 0x05, 0x05, 0x05, 0x0a, 0x05, 0x0a, 0x0f, 0x0f, 0x0f, 0x0f, 0x0a, 0x0a, 0x05, 0x05, 0x05, 0x05, 0x05, 0x05, 0x05, 0x05, 0x0a, 0x0f, 0x0f, 0x0f, 0x0f, 0x0a, 0x0a, 0x05, 0x05, 0x05, 0x05, 0x05, 0x05, 0x05, 0x05, 0x0a, 0x0f, 0x0f, 0x0f, 0x0f, 0x0a, 0x0a, 0x05, 0x05, 0x05, 0x05, 0x05, 0x05, 0x05, 0x05, 0x05, 0x0a, 0x0f, 0x0f, 0x0f, 0x0a, 0x0a, 0x05, 0x05, 0x05, 0x05, 0x05, 0x0a, 0x05, 0x05, 0x05, 0x0a, 0x0f, 0x0f, 0x0f, 0x0f, 0x0a, 0x05, 0x05, 0x05, 0x05, 0x0a, 0x0f, 0x0a, 0x05, 0x05, 0x05, 0x0a, 0x0f, 0x0f, 0x0f, 0x0f, 0x0a, 0x0a, 0x0a, 0x0a, 0x0f, 0x0a, 0x0a, 0x0a, 0x05, 0x05, 0x05, 0x0a, 0x0a, 0x0f, 0x0f, 0x0f, 0x0f, 0x0f, 0x0f, 0x0a, 0x0a, 0x0a, 0x05, 0x05, 0x05, 0x05, 0x05, 0x0a, 0x0a, 0x0a, 0x0a, 0x0a, 0x0a, 0x0a, 0x0a, 0x0a, 0x05, 0x05, 0x05, 0x05, 0x05, 0x05, 0x05, 0x05, 0x0a, 0x0a, 0x0a, 0x0a, 0x0a, 0x0a, 0x05, 0x05, 0x05,};

        initFontData4();
    }

    private void initFontData4() {
        fontdata[50] = new byte[]{0x05, 0x05, 0x05, 0x05, 0x05, 0x05, 0x05, 0x05, 0x05, 0x05, 0x05, 0x05, 0x05, 0x05, 0x05, 0x05, 0x05, 0x05, 0x05, 0x05, 0x05, 0x05, 0x05, 0x05, 0x05, 0x05, 0x05, 0x05, 0x05, 0x05, 0x05, 0x05, 0x05, 0x05, 0x05, 0x05, 0x05, 0x05, 0x05, 0x05, 0x05, 0x05, 0x05, 0x05, 0x05, 0x05, 0x05, 0x05, 0x05, 0x05, 0x05, 0x05, 0x05, 0x05, 0x05, 0x05, 0x05, 0x05, 0x05, 0x05, 0x05, 0x05, 0x05, 0x05, 0x05, 0x05, 0x05, 0x05, 0x05, 0x05, 0x05, 0x05, 0x05, 0x05, 0x05, 0x05, 0x0a, 0x0a, 0x0a, 0x0a, 0x05, 0x05, 0x05, 0x05, 0x05, 0x05, 0x05, 0x0a, 0x0f, 0x0f, 0x0f, 0x0f, 0x0a, 0x05, 0x05, 0x05, 0x05, 0x05, 0x0a, 0x0f, 0x0f, 0x0f, 0x0f, 0x0f, 0x0f, 0x0a, 0x05, 0x05, 0x05, 0x0a, 0x0f, 0x0a, 0x0a, 0x0f, 0x0f, 0x0f, 0x0f, 0x0a, 0x0a, 0x05, 0x0a, 0x0f, 0x0a, 0x0a, 0x0a, 0x0a, 0x0f, 0x0f, 0x0f, 0x0a, 0x0a, 0x05, 0x05, 0x0a, 0x0a, 0x0a, 0x05, 0x0a, 0x0f, 0x0f, 0x0f, 0x0a, 0x0a, 0x05, 0x05, 0x05, 0x0a, 0x05, 0x05, 0x0a, 0x0f, 0x0f, 0x0a, 0x0a, 0x0a, 0x05, 0x05, 0x05, 0x05, 0x05, 0x0a, 0x0f, 0x0f, 0x0a, 0x0a, 0x0a, 0x05, 0x05, 0x05, 0x05, 0x05, 0x0a, 0x0a, 0x0f, 0x0a, 0x0a, 0x0a, 0x0a, 0x05, 0x05, 0x05, 0x05, 0x0a, 0x0f, 0x0f, 0x0a, 0x0a, 0x0a, 0x0a, 0x0f, 0x0a, 0x05, 0x05, 0x05, 0x0a, 0x0f, 0x0f, 0x0f, 0x0f, 0x0f, 0x0f, 0x0a, 0x0a, 0x0a, 0x05, 0x0a, 0x0f, 0x0f, 0x0f, 0x0f, 0x0f, 0x0f, 0x0f, 0x0a, 0x0a, 0x05, 0x0a, 0x0f, 0x0f, 0x0f, 0x0f, 0x0f, 0x0f, 0x0f, 0x0f, 0x0a, 0x0a, 0x05, 0x05, 0x0a, 0x0a, 0x0a, 0x0a, 0x0a, 0x0a, 0x0a, 0x0a, 0x0a, 0x0a, 0x05, 0x05, 0x05, 0x0a, 0x0a, 0x0a, 0x0a, 0x0a, 0x0a, 0x0a, 0x0a, 0x05, 0x05,};
        fontdata[56] = new byte[]{0x05, 0x05, 0x05, 0x05, 0x05, 0x05, 0x05, 0x05, 0x05, 0x05, 0x05, 0x05, 0x05, 0x05, 0x05, 0x05, 0x05, 0x05, 0x05, 0x05, 0x05, 0x05, 0x05, 0x05, 0x05, 0x05, 0x05, 0x05, 0x05, 0x05, 0x05, 0x05, 0x05, 0x05, 0x05, 0x05, 0x05, 0x05, 0x05, 0x05, 0x05, 0x05, 0x05, 0x05, 0x05, 0x05, 0x05, 0x05, 0x05, 0x05, 0x05, 0x05, 0x05, 0x05, 0x05, 0x05, 0x05, 0x05, 0x05, 0x05, 0x05, 0x05, 0x05, 0x05, 0x05, 0x05, 0x05, 0x05, 0x05, 0x0a, 0x0a, 0x0a, 0x0a, 0x0a, 0x05, 0x05, 0x05, 0x05, 0x0a, 0x0a, 0x0f, 0x0f, 0x0f, 0x0f, 0x0f, 0x0a, 0x05, 0x05, 0x0a, 0x0f, 0x0f, 0x0f, 0x0a, 0x0a, 0x0f, 0x0f, 0x0f, 0x0a, 0x05, 0x0a, 0x0f, 0x0f, 0x0f, 0x0a, 0x0a, 0x0f, 0x0f, 0x0f, 0x0a, 0x0a, 0x0a, 0x0f, 0x0f, 0x0f, 0x0a, 0x0a, 0x0f, 0x0f, 0x0f, 0x0a, 0x0a, 0x05, 0x0a, 0x0f, 0x0f, 0x0f, 0x0a, 0x0f, 0x0a, 0x0a, 0x0a, 0x0a, 0x05, 0x05, 0x0a, 0x0f, 0x0f, 0x0f, 0x0f, 0x0a, 0x0a, 0x0a, 0x05, 0x05, 0x05, 0x0a, 0x0f, 0x0f, 0x0f, 0x0f, 0x0f, 0x0a, 0x05, 0x05, 0x05, 0x0a, 0x0f, 0x0f, 0x0a, 0x0f, 0x0f, 0x0f, 0x0f, 0x0a, 0x05, 0x0a, 0x0f, 0x0f, 0x0f, 0x0a, 0x0a, 0x0f, 0x0f, 0x0f, 0x0a, 0x0a, 0x0a, 0x0f, 0x0f, 0x0f, 0x0a, 0x0a, 0x0f, 0x0f, 0x0f, 0x0a, 0x0a, 0x0a, 0x0f, 0x0f, 0x0f, 0x0a, 0x0a, 0x0f, 0x0f, 0x0f, 0x0a, 0x0a, 0x05, 0x0a, 0x0a, 0x0f, 0x0f, 0x0f, 0x0f, 0x0a, 0x0a, 0x0a, 0x0a, 0x05, 0x05, 0x0a, 0x0a, 0x0a, 0x0a, 0x0a, 0x0a, 0x0a, 0x0a, 0x05, 0x05, 0x05, 0x05, 0x05, 0x0a, 0x0a, 0x0a, 0x0a, 0x05, 0x05, 0x05,};
        fontdata[205] = new byte[]{0x05, 0x05, 0x05, 0x05, 0x05, 0x05, 0x05, 0x05, 0x05, 0x05, 0x05, 0x05, 0x05, 0x05, 0x05, 0x05, 0x05, 0x05, 0x05, 0x05, 0x05, 0x05, 0x05, 0x05, 0x05, 0x05, 0x05, 0x05, 0x05, 0x05, 0x05, 0x05, 0x05, 0x05, 0x05, 0x05, 0x05, 0x05, 0x05, 0x05, 0x05, 0x05, 0x0a, 0x0a, 0x0a, 0x0a, 0x05, 0x05, 0x05, 0x05, 0x05, 0x0a, 0x0f, 0x0f, 0x0f, 0x0f, 0x0a, 0x05, 0x05, 0x05, 0x05, 0x05, 0x0a, 0x0f, 0x0f, 0x0f, 0x0a, 0x0a, 0x05, 0x05, 0x05, 0x05, 0x0a, 0x0f, 0x0f, 0x0f, 0x0a, 0x0a, 0x05, 0x05, 0x05, 0x05, 0x0a, 0x0f, 0x0f, 0x0f, 0x0a, 0x0f, 0x0a, 0x05, 0x05, 0x05, 0x0a, 0x0f, 0x0f, 0x0f, 0x0f, 0x0f, 0x0a, 0x0a, 0x05, 0x05, 0x0a, 0x0f, 0x0f, 0x0f, 0x0a, 0x0a, 0x0a, 0x0a, 0x05, 0x05, 0x0a, 0x0f, 0x0f, 0x0f, 0x0a, 0x0a, 0x0a, 0x05, 0x05, 0x0a, 0x0f, 0x0f, 0x0f, 0x0f, 0x0a, 0x0a, 0x05, 0x05, 0x0a, 0x0f, 0x0a, 0x0f, 0x0f, 0x0f, 0x0a, 0x0a, 0x05, 0x05, 0x05, 0x0a, 0x0a, 0x0f, 0x0f, 0x0f, 0x0a, 0x0a, 0x05, 0x05, 0x05, 0x05, 0x0a, 0x0f, 0x0f, 0x0f, 0x0a, 0x0a, 0x05, 0x05, 0x05, 0x05, 0x0a, 0x0f, 0x0f, 0x0f, 0x0a, 0x0a, 0x05, 0x05, 0x05, 0x05, 0x0a, 0x0f, 0x0f, 0x0f, 0x0a, 0x0a, 0x05, 0x05, 0x05, 0x0a, 0x0f, 0x0f, 0x0f, 0x0f, 0x0f, 0x0a, 0x05, 0x05, 0x05, 0x05, 0x0a, 0x0a, 0x0a, 0x0a, 0x0a, 0x0a, 0x0a, 0x05, 0x05, 0x05, 0x05, 0x0a, 0x0a, 0x0a, 0x0a, 0x0a, 0x05, 0x05,};
        fontdata[209] = new byte[]{0x05, 0x05, 0x05, 0x05, 0x05, 0x05, 0x05, 0x05, 0x05, 0x05, 0x05, 0x05, 0x05, 0x05, 0x05, 0x05, 0x05, 0x05, 0x05, 0x05, 0x05, 0x05, 0x05, 0x05, 0x05, 0x05, 0x05, 0x05, 0x05, 0x05, 0x05, 0x05, 0x05, 0x05, 0x05, 0x05, 0x05, 0x05, 0x05, 0x05, 0x05, 0x05, 0x05, 0x05, 0x05, 0x05, 0x05, 0x05, 0x05, 0x05, 0x05, 0x05, 0x05, 0x05, 0x05, 0x05, 0x05, 0x05, 0x05, 0x05, 0x05, 0x0a, 0x0a, 0x05, 0x05, 0x05, 0x05, 0x05, 0x05, 0x05, 0x05, 0x0a, 0x0f, 0x0f, 0x0a, 0x05, 0x05, 0x05, 0x05, 0x05, 0x05, 0x05, 0x0a, 0x0f, 0x0f, 0x0a, 0x0a, 0x05, 0x05, 0x05, 0x05, 0x05, 0x0a, 0x0f, 0x0a, 0x0a, 0x0a, 0x0a, 0x05, 0x05, 0x05, 0x05, 0x0a, 0x0f, 0x0a, 0x0a, 0x0a, 0x0a, 0x05, 0x05, 0x05, 0x05, 0x05, 0x0a, 0x0f, 0x0a, 0x0a, 0x05, 0x05, 0x05, 0x05, 0x05, 0x05, 0x0a, 0x0f, 0x0f, 0x0f, 0x0f, 0x0a, 0x05, 0x05, 0x05, 0x05, 0x0a, 0x0f, 0x0f, 0x0a, 0x0a, 0x0f, 0x0f, 0x0a, 0x05, 0x05, 0x0a, 0x0f, 0x0f, 0x0f, 0x0a, 0x0a, 0x0f, 0x0f, 0x0f, 0x0a, 0x05, 0x0a, 0x0f, 0x0f, 0x0f, 0x0a, 0x0a, 0x0f, 0x0f, 0x0f, 0x0a, 0x0a, 0x0a, 0x0f, 0x0f, 0x0f, 0x0a, 0x0a, 0x0f, 0x0f, 0x0f, 0x0a, 0x0a, 0x0a, 0x0f, 0x0f, 0x0f, 0x0a, 0x0a, 0x0f, 0x0f, 0x0f, 0x0a, 0x0a, 0x05, 0x0a, 0x0f, 0x0f, 0x0a, 0x0a, 0x0f, 0x0f, 0x0a, 0x0a, 0x0a, 0x05, 0x05, 0x0a, 0x0f, 0x0f, 0x0f, 0x0f, 0x0a, 0x0a, 0x0a, 0x05, 0x05, 0x05, 0x05, 0x0a, 0x0a, 0x0a, 0x0a, 0x0a, 0x0a, 0x05, 0x05, 0x05, 0x05, 0x05, 0x05, 0x0a, 0x0a, 0x0a, 0x0a, 0x05, 0x05, 0x05,};
        fontdata[214] = new byte[]{0x05, 0x05, 0x05, 0x05, 0x0a, 0x0a, 0x05, 0x05, 0x05, 0x0a, 0x0a, 0x05, 0x05, 0x05, 0x05, 0x05, 0x05, 0x05, 0x05, 0x0a, 0x0f, 0x0f, 0x0a, 0x05, 0x0a, 0x0f, 0x0f, 0x0a, 0x05, 0x05, 0x05, 0x05, 0x05, 0x05, 0x05, 0x05, 0x0a, 0x0a, 0x0f, 0x0a, 0x0f, 0x0a, 0x0a, 0x0a, 0x0a, 0x05, 0x05, 0x05, 0x05, 0x05, 0x05, 0x05, 0x05, 0x0a, 0x0f, 0x0f, 0x0f, 0x0a, 0x0a, 0x0a, 0x05, 0x05, 0x05, 0x05, 0x05, 0x0a, 0x0a, 0x0a, 0x0a, 0x0a, 0x0f, 0x0f, 0x0a, 0x0a, 0x0a, 0x0a, 0x0a, 0x05, 0x05, 0x05, 0x0a, 0x0f, 0x0f, 0x0f, 0x0f, 0x0f, 0x0f, 0x0f, 0x0f, 0x0f, 0x0f, 0x0f, 0x0f, 0x0a, 0x05, 0x05, 0x05, 0x0a, 0x0a, 0x0f, 0x0f, 0x0f, 0x0a, 0x0a, 0x0a, 0x0a, 0x0f, 0x0f, 0x0f, 0x0a, 0x0a, 0x05, 0x05, 0x05, 0x0a, 0x0f, 0x0f, 0x0f, 0x0a, 0x0a, 0x0a, 0x0a, 0x0a, 0x0f, 0x0f, 0x0a, 0x0a, 0x05, 0x05, 0x05, 0x0a, 0x0f, 0x0f, 0x0f, 0x0a, 0x0a, 0x05, 0x0a, 0x05, 0x0a, 0x0f, 0x0a, 0x0a, 0x05, 0x05, 0x05, 0x0a, 0x0f, 0x0f, 0x0f, 0x0a, 0x0a, 0x0a, 0x0f, 0x0a, 0x0a, 0x0f, 0x0a, 0x0a, 0x05, 0x05, 0x05, 0x0a, 0x0f, 0x0f, 0x0f, 0x0a, 0x0a, 0x0a, 0x0f, 0x0a, 0x0a, 0x0a, 0x0a, 0x0a, 0x05, 0x05, 0x05, 0x0a, 0x0f, 0x0f, 0x0f, 0x0a, 0x0a, 0x0f, 0x0f, 0x0a, 0x0a, 0x05, 0x0a, 0x05, 0x05, 0x05, 0x05, 0x0a, 0x0f, 0x0f, 0x0f, 0x0f, 0x0f, 0x0f, 0x0f, 0x0a, 0x0a, 0x05, 0x05, 0x05, 0x05, 0x05, 0x05, 0x0a, 0x0f, 0x0f, 0x0f, 0x0a, 0x0a, 0x0f, 0x0f, 0x0a, 0x0a, 0x05, 0x05, 0x05, 0x05, 0x05, 0x05, 0x0a, 0x0f, 0x0f, 0x0f, 0x0a, 0x0a, 0x0a, 0x0f, 0x0a, 0x0a, 0x0a, 0x0a, 0x05, 0x05, 0x05, 0x05, 0x0a, 0x0f, 0x0f, 0x0f, 0x0a, 0x0a, 0x0a, 0x0f, 0x0a, 0x0a, 0x0f, 0x0f, 0x0a, 0x05, 0x05, 0x05, 0x0a, 0x0f, 0x0f, 0x0f, 0x0a, 0x0a, 0x05, 0x0a, 0x0a, 0x0a, 0x0f, 0x0a, 0x0a, 0x0a, 0x05, 0x0a, 0x0a, 0x0f, 0x0f, 0x0f, 0x0a, 0x0a, 0x0a, 0x0a, 0x0f, 0x0f, 0x0f, 0x0a, 0x0a, 0x05, 0x0a, 0x0f, 0x0f, 0x0f, 0x0f, 0x0f, 0x0f, 0x0f, 0x0f, 0x0f, 0x0f, 0x0f, 0x0f, 0x0a, 0x0a, 0x05, 0x05, 0x0a, 0x0a, 0x0a, 0x0a, 0x0a, 0x0a, 0x0a, 0x0a, 0x0a, 0x0a, 0x0a, 0x0a, 0x0a, 0x0a, 0x05, 0x05, 0x05, 0x0a, 0x0a, 0x0a, 0x0a, 0x0a, 0x0a, 0x0a, 0x0a, 0x0a, 0x0a, 0x0a, 0x0a, 0x05, 0x05,};
        fontdata[66] = new byte[]{0x05, 0x05, 0x05, 0x05, 0x05, 0x05, 0x05, 0x05, 0x05, 0x05, 0x05, 0x05, 0x05, 0x05, 0x05, 0x05, 0x05, 0x05, 0x05, 0x05, 0x05, 0x05, 0x05, 0x05, 0x05, 0x05, 0x05, 0x05, 0x05, 0x05, 0x05, 0x05, 0x05, 0x05, 0x05, 0x05, 0x05, 0x05, 0x05, 0x05, 0x05, 0x05, 0x05, 0x05, 0x05, 0x05, 0x05, 0x05, 0x05, 0x05, 0x05, 0x05, 0x05, 0x05, 0x05, 0x05, 0x05, 0x05, 0x05, 0x05, 0x05, 0x0a, 0x0a, 0x0a, 0x0a, 0x0a, 0x0a, 0x0a, 0x0a, 0x0a, 0x0a, 0x05, 0x05, 0x05, 0x05, 0x0a, 0x0f, 0x0f, 0x0f, 0x0f, 0x0f, 0x0f, 0x0f, 0x0f, 0x0f, 0x0f, 0x0a, 0x0a, 0x05, 0x05, 0x05, 0x0a, 0x0a, 0x0f, 0x0f, 0x0f, 0x0a, 0x0a, 0x0a, 0x0f, 0x0f, 0x0f, 0x0f, 0x0a, 0x05, 0x05, 0x05, 0x0a, 0x0f, 0x0f, 0x0f, 0x0a, 0x0a, 0x0a, 0x0a, 0x0f, 0x0f, 0x0f, 0x0a, 0x0a, 0x05, 0x05, 0x0a, 0x0f, 0x0f, 0x0f, 0x0a, 0x0a, 0x05, 0x0a, 0x0f, 0x0f, 0x0f, 0x0a, 0x0a, 0x05, 0x05, 0x0a, 0x0f, 0x0f, 0x0f, 0x0a, 0x0a, 0x05, 0x0a, 0x0f, 0x0f, 0x0f, 0x0a, 0x0a, 0x05, 0x05, 0x0a, 0x0f, 0x0f, 0x0f, 0x0a, 0x0a, 0x0a, 0x0f, 0x0f, 0x0f, 0x0a, 0x0a, 0x0a, 0x05, 0x05, 0x0a, 0x0f, 0x0f, 0x0f, 0x0f, 0x0f, 0x0f, 0x0f, 0x0f, 0x0a, 0x0a, 0x0a, 0x05, 0x05, 0x05, 0x0a, 0x0f, 0x0f, 0x0f, 0x0a, 0x0a, 0x0f, 0x0f, 0x0f, 0x0f, 0x0a, 0x05, 0x05, 0x05, 0x05, 0x0a, 0x0f, 0x0f, 0x0f, 0x0a, 0x0a, 0x0a, 0x0f, 0x0f, 0x0f, 0x0f, 0x0a, 0x05, 0x05, 0x05, 0x0a, 0x0f, 0x0f, 0x0f, 0x0a, 0x0a, 0x0a, 0x0f, 0x0f, 0x0f, 0x0f, 0x0a, 0x0a, 0x05, 0x05, 0x0a, 0x0f, 0x0f, 0x0f, 0x0a, 0x0a, 0x0a, 0x0f, 0x0f, 0x0f, 0x0f, 0x0a, 0x0a, 0x05, 0x05, 0x0a, 0x0f, 0x0f, 0x0f, 0x0a, 0x0a, 0x0a, 0x0f, 0x0f, 0x0f, 0x0f, 0x0a, 0x0a, 0x05, 0x0a, 0x0a, 0x0f, 0x0f, 0x0f, 0x0a, 0x0a, 0x0f, 0x0f, 0x0f, 0x0f, 0x0a, 0x0a, 0x0a, 0x0a, 0x0f, 0x0f, 0x0f, 0x0f, 0x0f, 0x0f, 0x0f, 0x0f, 0x0f, 0x0f, 0x0a, 0x0a, 0x0a, 0x05, 0x05, 0x0a, 0x0a, 0x0a, 0x0a, 0x0a, 0x0a, 0x0a, 0x0a, 0x0a, 0x0a, 0x0a, 0x0a, 0x05, 0x05, 0x05, 0x05, 0x0a, 0x0a, 0x0a, 0x0a, 0x0a, 0x0a, 0x0a, 0x0a, 0x0a, 0x0a, 0x05, 0x05, 0x05,};
        fontdata[81] = new byte[]{0x05, 0x05, 0x05, 0x05, 0x05, 0x05, 0x0a, 0x0a, 0x0a, 0x0a, 0x0a, 0x05, 0x05, 0x05, 0x05, 0x05, 0x05, 0x05, 0x05, 0x05, 0x05, 0x05, 0x0a, 0x0a, 0x0f, 0x0f, 0x0f, 0x0f, 0x0f, 0x0a, 0x0a, 0x05, 0x05, 0x05, 0x05, 0x05, 0x05, 0x05, 0x05, 0x0a, 0x0f, 0x0f, 0x0f, 0x0a, 0x0a, 0x0a, 0x0f, 0x0f, 0x0f, 0x0a, 0x05, 0x05, 0x05, 0x05, 0x05, 0x05, 0x0a, 0x0f, 0x0f, 0x0f, 0x0a, 0x0a, 0x0a, 0x0a, 0x0a, 0x0f, 0x0f, 0x0f, 0x0a, 0x05, 0x05, 0x05, 0x05, 0x0a, 0x0f, 0x0f, 0x0f, 0x0f, 0x0a, 0x0a, 0x05, 0x05, 0x0a, 0x0f, 0x0f, 0x0f, 0x0f, 0x0a, 0x05, 0x05, 0x05, 0x0a, 0x0f, 0x0f, 0x0f, 0x0a, 0x0a, 0x0a, 0x05, 0x05, 0x05, 0x0a, 0x0f, 0x0f, 0x0f, 0x0f, 0x0a, 0x05, 0x0a, 0x0f, 0x0f, 0x0f, 0x0f, 0x0a, 0x0a, 0x05, 0x05, 0x05, 0x05, 0x0a, 0x0f, 0x0f, 0x0f, 0x0f, 0x0a, 0x0a, 0x0a, 0x0f, 0x0f, 0x0f, 0x0f, 0x0a, 0x0a, 0x05, 0x05, 0x05, 0x05, 0x0a, 0x0f, 0x0f, 0x0f, 0x0f, 0x0a, 0x0a, 0x0a, 0x0f, 0x0f, 0x0f, 0x0f, 0x0a, 0x0a, 0x05, 0x05, 0x05, 0x05, 0x0a, 0x0f, 0x0f, 0x0f, 0x0f, 0x0a, 0x0a, 0x0a, 0x0f, 0x0f, 0x0f, 0x0f, 0x0a, 0x0a, 0x05, 0x05, 0x05, 0x05, 0x0a, 0x0f, 0x0f, 0x0f, 0x0f, 0x0a, 0x0a, 0x0a, 0x0f, 0x0f, 0x0f, 0x0f, 0x0a, 0x0a, 0x05, 0x05, 0x05, 0x05, 0x0a, 0x0f, 0x0f, 0x0f, 0x0f, 0x0a, 0x0a, 0x05, 0x0a, 0x0f, 0x0f, 0x0f, 0x0a, 0x0a, 0x05, 0x05, 0x05, 0x05, 0x0a, 0x0f, 0x0f, 0x0f, 0x0a, 0x0a, 0x0a, 0x05, 0x0a, 0x0f, 0x0f, 0x0f, 0x0a, 0x0a, 0x05, 0x05, 0x05, 0x05, 0x0a, 0x0f, 0x0f, 0x0f, 0x0a, 0x0a, 0x05, 0x05, 0x05, 0x0a, 0x0f, 0x0f, 0x0f, 0x0a, 0x05, 0x05, 0x05, 0x0a, 0x0f, 0x0f, 0x0f, 0x0a, 0x0a, 0x0a, 0x05, 0x05, 0x05, 0x05, 0x0a, 0x0a, 0x0f, 0x0f, 0x0a, 0x0a, 0x0a, 0x0f, 0x0f, 0x0a, 0x0a, 0x0a, 0x0a, 0x05, 0x05, 0x05, 0x05, 0x05, 0x05, 0x0a, 0x0a, 0x0f, 0x0f, 0x0f, 0x0f, 0x0f, 0x0a, 0x0a, 0x0a, 0x0a, 0x05, 0x05, 0x05, 0x05, 0x05, 0x05, 0x05, 0x05, 0x05, 0x0a, 0x0f, 0x0f, 0x0f, 0x0f, 0x0a, 0x0a, 0x05, 0x05, 0x05, 0x05, 0x05, 0x05, 0x05, 0x05, 0x05, 0x05, 0x05, 0x05, 0x0a, 0x0f, 0x0f, 0x0f, 0x0f, 0x0a, 0x0a, 0x0a, 0x0a, 0x05, 0x05, 0x05, 0x05, 0x05, 0x05, 0x05, 0x05, 0x05, 0x05, 0x0a, 0x0a, 0x0f, 0x0f, 0x0f, 0x0f, 0x0f, 0x0f, 0x0a, 0x05, 0x05, 0x05, 0x05, 0x05, 0x05, 0x05, 0x05, 0x05, 0x05, 0x0a, 0x0a, 0x0a, 0x0a, 0x0a, 0x0a, 0x0a, 0x0a, 0x0a, 0x05, 0x05, 0x05, 0x05, 0x05, 0x05, 0x05, 0x05, 0x05, 0x05, 0x0a, 0x0a, 0x0a, 0x0a, 0x0a, 0x0a, 0x0a, 0x05,};
        fontdata[211] = new byte[]{0x05, 0x05, 0x05, 0x05, 0x05, 0x0a, 0x0a, 0x05, 0x05, 0x0a, 0x0a, 0x05, 0x05, 0x05, 0x05, 0x05, 0x05, 0x05, 0x05, 0x0a, 0x0f, 0x0f, 0x0a, 0x0a, 0x0f, 0x0f, 0x0a, 0x05, 0x05, 0x05, 0x05, 0x05, 0x05, 0x05, 0x05, 0x0a, 0x0f, 0x0f, 0x0f, 0x0f, 0x0a, 0x0a, 0x0a, 0x05, 0x05, 0x05, 0x05, 0x05, 0x05, 0x05, 0x05, 0x0a, 0x0f, 0x0f, 0x0a, 0x0a, 0x0a, 0x05, 0x05, 0x05, 0x05, 0x05, 0x05, 0x05, 0x05, 0x0a, 0x0a, 0x0f, 0x0a, 0x0a, 0x0a, 0x05, 0x0a, 0x05, 0x05, 0x05, 0x05, 0x05, 0x0a, 0x0a, 0x0f, 0x0f, 0x0f, 0x0f, 0x0f, 0x0a, 0x0a, 0x0f, 0x0a, 0x05, 0x05, 0x05, 0x0a, 0x0f, 0x0f, 0x0f, 0x0f, 0x0a, 0x0a, 0x0a, 0x0f, 0x0f, 0x0f, 0x0a, 0x0a, 0x05, 0x05, 0x0a, 0x0f, 0x0f, 0x0f, 0x0a, 0x0a, 0x0a, 0x0a, 0x0a, 0x0f, 0x0f, 0x0a, 0x0a, 0x05, 0x0a, 0x0f, 0x0f, 0x0f, 0x0a, 0x0a, 0x0a, 0x05, 0x05, 0x05, 0x0a, 0x0f, 0x0a, 0x0a, 0x0a, 0x0f, 0x0f, 0x0f, 0x0f, 0x0a, 0x0a, 0x05, 0x05, 0x05, 0x05, 0x0a, 0x0f, 0x0a, 0x0a, 0x0a, 0x0f, 0x0f, 0x0f, 0x0f, 0x0a, 0x0a, 0x05, 0x05, 0x05, 0x05, 0x05, 0x0a, 0x0a, 0x0a, 0x0a, 0x0f, 0x0f, 0x0f, 0x0f, 0x0a, 0x0a, 0x05, 0x05, 0x05, 0x05, 0x05, 0x05, 0x0a, 0x05, 0x0a, 0x0f, 0x0f, 0x0f, 0x0f, 0x0a, 0x0a, 0x05, 0x05, 0x05, 0x05, 0x05, 0x05, 0x05, 0x05, 0x0a, 0x0f, 0x0f, 0x0f, 0x0f, 0x0a, 0x0a, 0x05, 0x05, 0x05, 0x05, 0x05, 0x05, 0x05, 0x05, 0x0a, 0x0f, 0x0f, 0x0f, 0x0f, 0x0a, 0x0a, 0x05, 0x05, 0x05, 0x05, 0x05, 0x05, 0x05, 0x05, 0x05, 0x0a, 0x0f, 0x0f, 0x0f, 0x0a, 0x0a, 0x05, 0x05, 0x05, 0x05, 0x05, 0x0a, 0x05, 0x05, 0x05, 0x0a, 0x0f, 0x0f, 0x0f, 0x0f, 0x0a, 0x05, 0x05, 0x05, 0x05, 0x0a, 0x0f, 0x0a, 0x05, 0x05, 0x05, 0x0a, 0x0f, 0x0f, 0x0f, 0x0f, 0x0a, 0x0a, 0x0a, 0x0a, 0x0f, 0x0a, 0x0a, 0x0a, 0x05, 0x05, 0x05, 0x0a, 0x0a, 0x0f, 0x0f, 0x0f, 0x0f, 0x0f, 0x0f, 0x0a, 0x0a, 0x0a, 0x05, 0x05, 0x05, 0x05, 0x05, 0x0a, 0x0a, 0x0a, 0x0a, 0x0a, 0x0a, 0x0a, 0x0a, 0x0a, 0x05, 0x05, 0x05, 0x05, 0x05, 0x05, 0x05, 0x05, 0x0a, 0x0a, 0x0a, 0x0a, 0x0a, 0x0a, 0x05, 0x05, 0x05,};
        fontdata[202] = new byte[]{0x05, 0x05, 0x05, 0x05, 0x05, 0x05, 0x05, 0x05, 0x05, 0x05, 0x05, 0x05, 0x05, 0x05, 0x05, 0x05, 0x05, 0x05, 0x05, 0x05, 0x05, 0x05, 0x05, 0x05, 0x05, 0x05, 0x05, 0x05, 0x05, 0x05, 0x05, 0x05, 0x05, 0x05, 0x05, 0x05, 0x05, 0x05, 0x05, 0x05, 0x05, 0x05, 0x05, 0x05, 0x05, 0x05, 0x05, 0x05, 0x05, 0x05, 0x05, 0x05, 0x05, 0x05, 0x05, 0x05, 0x05, 0x05, 0x05, 0x05, 0x05, 0x0a, 0x0a, 0x05, 0x05, 0x05, 0x05, 0x05, 0x05, 0x05, 0x05, 0x0a, 0x0f, 0x0f, 0x0a, 0x05, 0x05, 0x05, 0x05, 0x05, 0x05, 0x0a, 0x0f, 0x0f, 0x0f, 0x0a, 0x0a, 0x05, 0x05, 0x05, 0x05, 0x05, 0x0a, 0x0f, 0x0f, 0x0a, 0x0a, 0x0a, 0x05, 0x05, 0x05, 0x05, 0x0a, 0x0f, 0x0a, 0x0a, 0x0a, 0x0a, 0x05, 0x05, 0x05, 0x0a, 0x0a, 0x0a, 0x0f, 0x0a, 0x0a, 0x0a, 0x0a, 0x05, 0x05, 0x0a, 0x0f, 0x0f, 0x0f, 0x0f, 0x0f, 0x0f, 0x0f, 0x0f, 0x0a, 0x05, 0x0a, 0x0f, 0x0f, 0x0a, 0x0a, 0x0f, 0x0f, 0x0f, 0x0a, 0x0a, 0x0a, 0x0a, 0x0f, 0x0a, 0x0a, 0x0a, 0x0f, 0x0f, 0x0f, 0x0a, 0x0a, 0x05, 0x05, 0x0a, 0x0a, 0x0a, 0x0f, 0x0f, 0x0f, 0x0a, 0x0a, 0x0a, 0x05, 0x05, 0x05, 0x0a, 0x0f, 0x0f, 0x0f, 0x0a, 0x0a, 0x0a, 0x05, 0x05, 0x05, 0x0a, 0x0f, 0x0f, 0x0f, 0x0a, 0x0a, 0x0a, 0x0f, 0x0a, 0x05, 0x05, 0x0a, 0x0f, 0x0f, 0x0f, 0x0a, 0x0a, 0x0f, 0x0f, 0x0a, 0x0a, 0x0a, 0x0f, 0x0f, 0x0f, 0x0f, 0x0f, 0x0f, 0x0f, 0x0f, 0x0a, 0x0a, 0x05, 0x0a, 0x0a, 0x0a, 0x0a, 0x0a, 0x0a, 0x0a, 0x0a, 0x0a, 0x0a, 0x05, 0x05, 0x0a, 0x0a, 0x0a, 0x0a, 0x0a, 0x0a, 0x0a, 0x0a, 0x05,};
        fontdata[83] = new byte[]{0x05, 0x05, 0x05, 0x05, 0x05, 0x05, 0x05, 0x05, 0x05, 0x05, 0x05, 0x05, 0x05, 0x05, 0x05, 0x05, 0x05, 0x05, 0x05, 0x05, 0x05, 0x05, 0x05, 0x05, 0x05, 0x05, 0x05, 0x05, 0x05, 0x05, 0x05, 0x05, 0x05, 0x05, 0x05, 0x05, 0x05, 0x05, 0x05, 0x05, 0x05, 0x05, 0x05, 0x05, 0x05, 0x05, 0x05, 0x05, 0x05, 0x05, 0x05, 0x05, 0x05, 0x05, 0x05, 0x0a, 0x0a, 0x0a, 0x0a, 0x0a, 0x05, 0x0a, 0x05, 0x05, 0x05, 0x05, 0x05, 0x0a, 0x0f, 0x0f, 0x0f, 0x0f, 0x0f, 0x0a, 0x0f, 0x0a, 0x05, 0x05, 0x05, 0x0a, 0x0f, 0x0f, 0x0f, 0x0a, 0x0a, 0x0a, 0x0f, 0x0f, 0x0a, 0x0a, 0x05, 0x0a, 0x0f, 0x0f, 0x0f, 0x0a, 0x0a, 0x0a, 0x0a, 0x0a, 0x0f, 0x0a, 0x0a, 0x05, 0x0a, 0x0f, 0x0f, 0x0f, 0x0a, 0x0a, 0x05, 0x05, 0x0a, 0x0f, 0x0a, 0x0a, 0x05, 0x0a, 0x0f, 0x0f, 0x0f, 0x0f, 0x0a, 0x0a, 0x05, 0x05, 0x0a, 0x0a, 0x0a, 0x05, 0x0a, 0x0f, 0x0f, 0x0f, 0x0f, 0x0f, 0x0f, 0x0a, 0x0a, 0x05, 0x0a, 0x05, 0x05, 0x05, 0x0a, 0x0f, 0x0f, 0x0f, 0x0f, 0x0f, 0x0f, 0x0f, 0x0a, 0x05, 0x05, 0x05, 0x05, 0x05, 0x0a, 0x0a, 0x0f, 0x0f, 0x0f, 0x0f, 0x0f, 0x0f, 0x0a, 0x05, 0x05, 0x05, 0x0a, 0x05, 0x0a, 0x0a, 0x0a, 0x0f, 0x0f, 0x0f, 0x0f, 0x0f, 0x0a, 0x05, 0x0a, 0x0f, 0x0a, 0x05, 0x05, 0x0a, 0x0a, 0x0f, 0x0f, 0x0f, 0x0f, 0x0a, 0x0a, 0x0a, 0x0f, 0x0a, 0x0a, 0x05, 0x05, 0x05, 0x0a, 0x0f, 0x0f, 0x0f, 0x0a, 0x0a, 0x0a, 0x0f, 0x0f, 0x0a, 0x05, 0x05, 0x05, 0x0a, 0x0f, 0x0f, 0x0f, 0x0a, 0x0a, 0x0a, 0x0f, 0x0f, 0x0f, 0x0a, 0x0a, 0x0a, 0x0f, 0x0f, 0x0f, 0x0a, 0x0a, 0x0a, 0x0a, 0x0f, 0x0a, 0x0f, 0x0f, 0x0f, 0x0f, 0x0f, 0x0f, 0x0a, 0x0a, 0x0a, 0x05, 0x05, 0x0a, 0x0a, 0x0a, 0x0a, 0x0a, 0x0a, 0x0a, 0x0a, 0x0a, 0x0a, 0x05, 0x05, 0x05, 0x05, 0x0a, 0x05, 0x0a, 0x0a, 0x0a, 0x0a, 0x0a, 0x0a, 0x05, 0x05, 0x05,};
        fontdata[223] = new byte[]{0x05, 0x05, 0x05, 0x05, 0x0a, 0x0a, 0x0a, 0x05, 0x0a, 0x0a, 0x0a, 0x05, 0x05, 0x05, 0x05, 0x05, 0x05, 0x05, 0x05, 0x0a, 0x0f, 0x0f, 0x0f, 0x0a, 0x0f, 0x0f, 0x0f, 0x0a, 0x05, 0x05, 0x05, 0x05, 0x05, 0x05, 0x05, 0x0a, 0x0f, 0x0f, 0x0f, 0x0a, 0x0f, 0x0f, 0x0f, 0x0a, 0x0a, 0x05, 0x05, 0x05, 0x05, 0x05, 0x05, 0x0a, 0x0f, 0x0f, 0x0f, 0x0a, 0x0f, 0x0f, 0x0f, 0x0a, 0x0a, 0x05, 0x05, 0x05, 0x05, 0x05, 0x05, 0x05, 0x0a, 0x0a, 0x0a, 0x0a, 0x0a, 0x0a, 0x0a, 0x0a, 0x0a, 0x05, 0x05, 0x05, 0x05, 0x05, 0x05, 0x05, 0x05, 0x0a, 0x0a, 0x0f, 0x0a, 0x0a, 0x0a, 0x0a, 0x05, 0x05, 0x05, 0x05, 0x05, 0x05, 0x05, 0x05, 0x05, 0x05, 0x0a, 0x0f, 0x0a, 0x0a, 0x05, 0x05, 0x05, 0x05, 0x05, 0x05, 0x05, 0x05, 0x05, 0x05, 0x05, 0x0a, 0x0f, 0x0f, 0x0f, 0x0a, 0x05, 0x05, 0x05, 0x05, 0x05, 0x05, 0x05, 0x05, 0x05, 0x05, 0x05, 0x0a, 0x0f, 0x0f, 0x0f, 0x0a, 0x0a, 0x05, 0x05, 0x05, 0x05, 0x05, 0x05, 0x05, 0x05, 0x05, 0x05, 0x0a, 0x0f, 0x0f, 0x0f, 0x0f, 0x0a, 0x05, 0x05, 0x05, 0x05, 0x05, 0x05, 0x05, 0x05, 0x05, 0x0a, 0x0f, 0x0a, 0x0f, 0x0f, 0x0f, 0x0a, 0x0a, 0x05, 0x05, 0x05, 0x05, 0x05, 0x05, 0x05, 0x05, 0x0a, 0x0f, 0x0a, 0x0f, 0x0f, 0x0f, 0x0a, 0x0a, 0x05, 0x05, 0x05, 0x05, 0x05, 0x05, 0x05, 0x0a, 0x0f, 0x0a, 0x0a, 0x0a, 0x0f, 0x0f, 0x0f, 0x0a, 0x05, 0x05, 0x05, 0x05, 0x05, 0x05, 0x05, 0x0a, 0x0f, 0x0a, 0x0a, 0x0a, 0x0f, 0x0f, 0x0f, 0x0a, 0x0a, 0x05, 0x05, 0x05, 0x05, 0x05, 0x05, 0x0a, 0x0f, 0x0f, 0x0f, 0x0f, 0x0f, 0x0f, 0x0f, 0x0f, 0x0a, 0x05, 0x05, 0x05, 0x05, 0x05, 0x0a, 0x0f, 0x0a, 0x0a, 0x0a, 0x0a, 0x0a, 0x0f, 0x0f, 0x0f, 0x0a, 0x0a, 0x05, 0x05, 0x05, 0x0a, 0x0f, 0x0a, 0x0a, 0x0a, 0x0a, 0x0a, 0x0a, 0x0f, 0x0f, 0x0f, 0x0f, 0x0a, 0x05, 0x05, 0x05, 0x0a, 0x0f, 0x0a, 0x0a, 0x05, 0x05, 0x05, 0x0a, 0x0f, 0x0f, 0x0f, 0x0f, 0x0a, 0x0a, 0x05, 0x0a, 0x0f, 0x0f, 0x0f, 0x0f, 0x0a, 0x05, 0x0a, 0x0f, 0x0f, 0x0f, 0x0f, 0x0f, 0x0f, 0x0a, 0x05, 0x05, 0x0a, 0x0a, 0x0a, 0x0a, 0x0a, 0x0a, 0x05, 0x0a, 0x0a, 0x0a, 0x0a, 0x0a, 0x0a, 0x0a, 0x0a, 0x05, 0x05, 0x0a, 0x0a, 0x0a, 0x0a, 0x05, 0x05, 0x05, 0x0a, 0x0a, 0x0a, 0x0a, 0x0a, 0x0a, 0x05,};
        fontdata[55] = new byte[]{0x05, 0x05, 0x05, 0x05, 0x05, 0x05, 0x05, 0x05, 0x05, 0x05, 0x05, 0x05, 0x05, 0x05, 0x05, 0x05, 0x05, 0x05, 0x05, 0x05, 0x05, 0x05, 0x05, 0x05, 0x05, 0x05, 0x05, 0x05, 0x05, 0x05, 0x05, 0x05, 0x05, 0x05, 0x05, 0x05, 0x05, 0x05, 0x05, 0x05, 0x05, 0x05, 0x05, 0x05, 0x05, 0x05, 0x05, 0x05, 0x05, 0x05, 0x05, 0x05, 0x05, 0x05, 0x05, 0x05, 0x05, 0x05, 0x05, 0x05, 0x05, 0x05, 0x05, 0x05, 0x05, 0x05, 0x05, 0x05, 0x05, 0x05, 0x05, 0x05, 0x05, 0x05, 0x0a, 0x0a, 0x0a, 0x0a, 0x0a, 0x0a, 0x0a, 0x0a, 0x05, 0x05, 0x05, 0x0a, 0x0f, 0x0f, 0x0f, 0x0f, 0x0f, 0x0f, 0x0f, 0x0f, 0x0a, 0x05, 0x05, 0x0a, 0x0f, 0x0f, 0x0f, 0x0f, 0x0f, 0x0f, 0x0f, 0x0a, 0x0a, 0x0a, 0x0a, 0x0f, 0x0f, 0x0f, 0x0f, 0x0f, 0x0f, 0x0f, 0x0f, 0x0a, 0x0a, 0x05, 0x0a, 0x0f, 0x0a, 0x0a, 0x0a, 0x0a, 0x0a, 0x0f, 0x0f, 0x0a, 0x0a, 0x05, 0x0a, 0x0f, 0x0a, 0x0a, 0x0a, 0x0a, 0x0a, 0x0f, 0x0a, 0x0a, 0x0a, 0x05, 0x05, 0x0a, 0x0a, 0x0a, 0x05, 0x0a, 0x0f, 0x0f, 0x0a, 0x0a, 0x05, 0x05, 0x05, 0x05, 0x0a, 0x05, 0x05, 0x0a, 0x0f, 0x0f, 0x0a, 0x0a, 0x05, 0x05, 0x05, 0x05, 0x05, 0x05, 0x0a, 0x0f, 0x0f, 0x0a, 0x0a, 0x0a, 0x05, 0x05, 0x05, 0x05, 0x05, 0x05, 0x0a, 0x0f, 0x0f, 0x0a, 0x0a, 0x05, 0x05, 0x05, 0x05, 0x05, 0x05, 0x05, 0x0a, 0x0f, 0x0a, 0x0a, 0x0a, 0x05, 0x05, 0x05, 0x05, 0x05, 0x05, 0x0a, 0x0f, 0x0f, 0x0a, 0x0a, 0x05, 0x05, 0x05, 0x05, 0x05, 0x05, 0x05, 0x0a, 0x0f, 0x0f, 0x0a, 0x0a, 0x05, 0x05, 0x05, 0x05, 0x05, 0x05, 0x05, 0x05, 0x0a, 0x0a, 0x0a, 0x0a, 0x05, 0x05, 0x05, 0x05, 0x05, 0x05, 0x05, 0x05, 0x05, 0x0a, 0x0a, 0x05, 0x05, 0x05, 0x05, 0x05,};
        fontdata[72] = new byte[]{0x05, 0x05, 0x05, 0x05, 0x05, 0x05, 0x05, 0x05, 0x05, 0x05, 0x05, 0x05, 0x05, 0x05, 0x05, 0x05, 0x05, 0x05, 0x05, 0x05, 0x05, 0x05, 0x05, 0x05, 0x05, 0x05, 0x05, 0x05, 0x05, 0x05, 0x05, 0x05, 0x05, 0x05, 0x05, 0x05, 0x05, 0x05, 0x05, 0x05, 0x05, 0x05, 0x05, 0x05, 0x05, 0x05, 0x05, 0x05, 0x05, 0x05, 0x05, 0x05, 0x05, 0x05, 0x05, 0x05, 0x05, 0x05, 0x05, 0x05, 0x05, 0x05, 0x05, 0x05, 0x05, 0x05, 0x05, 0x05, 0x05, 0x05, 0x05, 0x05, 0x05, 0x0a, 0x0a, 0x0a, 0x0a, 0x0a, 0x0a, 0x0a, 0x05, 0x0a, 0x0a, 0x0a, 0x0a, 0x0a, 0x0a, 0x0a, 0x05, 0x05, 0x0a, 0x0f, 0x0f, 0x0f, 0x0f, 0x0f, 0x0f, 0x0f, 0x0a, 0x0f, 0x0f, 0x0f, 0x0f, 0x0f, 0x0f, 0x0f, 0x0a, 0x05, 0x05, 0x0a, 0x0a, 0x0f, 0x0f, 0x0f, 0x0a, 0x0a, 0x0a, 0x0a, 0x0a, 0x0f, 0x0f, 0x0f, 0x0a, 0x0a, 0x0a, 0x0a, 0x05, 0x05, 0x0a, 0x0f, 0x0f, 0x0f, 0x0a, 0x0a, 0x0a, 0x05, 0x0a, 0x0f, 0x0f, 0x0f, 0x0a, 0x0a, 0x0a, 0x05, 0x05, 0x05, 0x0a, 0x0f, 0x0f, 0x0f, 0x0a, 0x0a, 0x05, 0x05, 0x0a, 0x0f, 0x0f, 0x0f, 0x0a, 0x0a, 0x05, 0x05, 0x05, 0x05, 0x0a, 0x0f, 0x0f, 0x0f, 0x0a, 0x0a, 0x05, 0x05, 0x0a, 0x0f, 0x0f, 0x0f, 0x0a, 0x0a, 0x05, 0x05, 0x05, 0x05, 0x0a, 0x0f, 0x0f, 0x0f, 0x0a, 0x0a, 0x05, 0x05, 0x0a, 0x0f, 0x0f, 0x0f, 0x0a, 0x0a, 0x05, 0x05, 0x05, 0x05, 0x0a, 0x0f, 0x0f, 0x0f, 0x0a, 0x0a, 0x0a, 0x0a, 0x0a, 0x0f, 0x0f, 0x0f, 0x0a, 0x0a, 0x05, 0x05, 0x05, 0x05, 0x0a, 0x0f, 0x0f, 0x0f, 0x0f, 0x0f, 0x0f, 0x0f, 0x0f, 0x0f, 0x0f, 0x0f, 0x0a, 0x0a, 0x05, 0x05, 0x05, 0x05, 0x0a, 0x0f, 0x0f, 0x0f, 0x0a, 0x0a, 0x0a, 0x0a, 0x0a, 0x0f, 0x0f, 0x0f, 0x0a, 0x0a, 0x05, 0x05, 0x05, 0x05, 0x0a, 0x0f, 0x0f, 0x0f, 0x0a, 0x0a, 0x0a, 0x0a, 0x0a, 0x0f, 0x0f, 0x0f, 0x0a, 0x0a, 0x05, 0x05, 0x05, 0x05, 0x0a, 0x0f, 0x0f, 0x0f, 0x0a, 0x0a, 0x05, 0x05, 0x0a, 0x0f, 0x0f, 0x0f, 0x0a, 0x0a, 0x05, 0x05, 0x05, 0x05, 0x0a, 0x0f, 0x0f, 0x0f, 0x0a, 0x0a, 0x05, 0x05, 0x0a, 0x0f, 0x0f, 0x0f, 0x0a, 0x0a, 0x05, 0x05, 0x05, 0x0a, 0x0a, 0x0f, 0x0f, 0x0f, 0x0a, 0x0a, 0x05, 0x0a, 0x0a, 0x0f, 0x0f, 0x0f, 0x0a, 0x0a, 0x05, 0x05, 0x0a, 0x0f, 0x0f, 0x0f, 0x0f, 0x0f, 0x0f, 0x0f, 0x0a, 0x0f, 0x0f, 0x0f, 0x0f, 0x0f, 0x0f, 0x0f, 0x0a, 0x05, 0x05, 0x0a, 0x0a, 0x0a, 0x0a, 0x0a, 0x0a, 0x0a, 0x0a, 0x0a, 0x0a, 0x0a, 0x0a, 0x0a, 0x0a, 0x0a, 0x0a, 0x0a, 0x05, 0x05, 0x0a, 0x0a, 0x0a, 0x0a, 0x0a, 0x0a, 0x0a, 0x05, 0x0a, 0x0a, 0x0a, 0x0a, 0x0a, 0x0a, 0x0a, 0x05,};
        fontdata[111] = new byte[]{0x05, 0x05, 0x05, 0x05, 0x05, 0x05, 0x05, 0x05, 0x05, 0x05, 0x05, 0x05, 0x05, 0x05, 0x05, 0x05, 0x05, 0x05, 0x05, 0x05, 0x05, 0x05, 0x05, 0x05, 0x05, 0x05, 0x05, 0x05, 0x05, 0x05, 0x05, 0x05, 0x05, 0x05, 0x05, 0x05, 0x05, 0x05, 0x05, 0x05, 0x05, 0x05, 0x05, 0x05, 0x05, 0x05, 0x05, 0x05, 0x05, 0x05, 0x05, 0x05, 0x05, 0x05, 0x05, 0x05, 0x05, 0x05, 0x05, 0x05, 0x05, 0x05, 0x05, 0x05, 0x05, 0x05, 0x05, 0x05, 0x05, 0x05, 0x05, 0x05, 0x05, 0x05, 0x05, 0x05, 0x05, 0x05, 0x05, 0x05, 0x05, 0x05, 0x05, 0x05, 0x05, 0x05, 0x05, 0x05, 0x05, 0x05, 0x05, 0x05, 0x05, 0x05, 0x05, 0x05, 0x05, 0x05, 0x05, 0x05, 0x05, 0x05, 0x05, 0x05, 0x05, 0x05, 0x05, 0x05, 0x05, 0x05, 0x05, 0x05, 0x05, 0x0a, 0x0a, 0x0a, 0x0a, 0x05, 0x05, 0x05, 0x05, 0x05, 0x05, 0x0a, 0x0f, 0x0f, 0x0f, 0x0f, 0x0a, 0x05, 0x05, 0x05, 0x05, 0x0a, 0x0f, 0x0f, 0x0a, 0x0a, 0x0f, 0x0f, 0x0a, 0x05, 0x05, 0x0a, 0x0f, 0x0f, 0x0f, 0x0a, 0x0a, 0x0f, 0x0f, 0x0f, 0x0a, 0x05, 0x0a, 0x0f, 0x0f, 0x0f, 0x0a, 0x0a, 0x0f, 0x0f, 0x0f, 0x0a, 0x0a, 0x0a, 0x0f, 0x0f, 0x0f, 0x0a, 0x0a, 0x0f, 0x0f, 0x0f, 0x0a, 0x0a, 0x0a, 0x0f, 0x0f, 0x0f, 0x0a, 0x0a, 0x0f, 0x0f, 0x0f, 0x0a, 0x0a, 0x05, 0x0a, 0x0f, 0x0f, 0x0a, 0x0a, 0x0f, 0x0f, 0x0a, 0x0a, 0x0a, 0x05, 0x05, 0x0a, 0x0f, 0x0f, 0x0f, 0x0f, 0x0a, 0x0a, 0x0a, 0x05, 0x05, 0x05, 0x05, 0x0a, 0x0a, 0x0a, 0x0a, 0x0a, 0x0a, 0x05, 0x05, 0x05, 0x05, 0x05, 0x05, 0x0a, 0x0a, 0x0a, 0x0a, 0x05, 0x05, 0x05,};
        fontdata[230] = new byte[]{0x05, 0x14, 0x14, 0x05, 0x05, 0x14, 0x0f, 0x0f, 0x14, 0x05, 0x14, 0x0f, 0x0f, 0x14, 0x0a, 0x14, 0x0f, 0x0f, 0x14, 0x0a, 0x14, 0x0f, 0x0f, 0x14, 0x0a, 0x05, 0x14, 0x0f, 0x14, 0x0a, 0x05, 0x05, 0x14, 0x14, 0x0a, 0x05, 0x05, 0x05, 0x14, 0x05, 0x05, 0x05, 0x05, 0x05, 0x05, 0x05, 0x05, 0x05, 0x05, 0x05, 0x05, 0x05, 0x05, 0x05, 0x05, 0x05, 0x05, 0x05, 0x05, 0x05, 0x05, 0x05, 0x05, 0x05, 0x05, 0x05, 0x05, 0x05, 0x05, 0x05, 0x05, 0x05, 0x05, 0x05, 0x05, 0x05, 0x05, 0x05, 0x05, 0x05, 0x05, 0x05, 0x05, 0x05, 0x05, 0x05, 0x05, 0x05, 0x05, 0x05, 0x05, 0x05, 0x05, 0x05, 0x05, 0x05, 0x05, 0x05, 0x05, 0x05, 0x05, 0x05, 0x05, 0x05, 0x05,};
        fontdata[236] = new byte[]{0x05, 0x05, 0x05, 0x05, 0x05, 0x05, 0x05, 0x05, 0x05, 0x05, 0x05, 0x05, 0x05, 0x05, 0x05, 0x05, 0x05, 0x05, 0x05, 0x05, 0x05, 0x05, 0x05, 0x05, 0x05, 0x05, 0x05, 0x05, 0x05, 0x05, 0x05, 0x05, 0x05, 0x05, 0x05, 0x05, 0x05, 0x05, 0x05, 0x05, 0x05, 0x05, 0x05, 0x05, 0x05, 0x05, 0x05, 0x05, 0x05, 0x05, 0x05, 0x05, 0x05, 0x05, 0x05, 0x05, 0x0a, 0x0a, 0x05, 0x05, 0x05, 0x05, 0x05, 0x05, 0x05, 0x0a, 0x0f, 0x0f, 0x0a, 0x05, 0x05, 0x05, 0x05, 0x05, 0x0a, 0x0f, 0x0f, 0x0f, 0x0a, 0x0a, 0x05, 0x05, 0x05, 0x0a, 0x0f, 0x0f, 0x0a, 0x0a, 0x0a, 0x0a, 0x05, 0x05, 0x0a, 0x0f, 0x0f, 0x0a, 0x0a, 0x0a, 0x0a, 0x05, 0x05, 0x05, 0x0a, 0x0f, 0x0a, 0x0a, 0x05, 0x0a, 0x05, 0x05, 0x05, 0x0a, 0x0f, 0x0f, 0x0f, 0x0f, 0x0a, 0x0f, 0x0a, 0x05, 0x0a, 0x0f, 0x0f, 0x0f, 0x0a, 0x0a, 0x0f, 0x0f, 0x0a, 0x0a, 0x0a, 0x0f, 0x0f, 0x0f, 0x0a, 0x0a, 0x0a, 0x0f, 0x0a, 0x0a, 0x05, 0x0a, 0x0f, 0x0f, 0x0f, 0x0f, 0x0a, 0x0a, 0x0a, 0x0a, 0x05, 0x0a, 0x0a, 0x0a, 0x0f, 0x0f, 0x0f, 0x0f, 0x0a, 0x05, 0x0a, 0x0f, 0x0a, 0x0a, 0x0a, 0x0a, 0x0f, 0x0f, 0x0a, 0x0a, 0x0a, 0x0f, 0x0f, 0x0a, 0x0a, 0x0a, 0x0f, 0x0f, 0x0a, 0x0a, 0x0a, 0x0f, 0x0a, 0x0f, 0x0f, 0x0f, 0x0f, 0x0a, 0x0a, 0x0a, 0x05, 0x0a, 0x0a, 0x0a, 0x0a, 0x0a, 0x0a, 0x0a, 0x0a, 0x05, 0x05, 0x05, 0x0a, 0x05, 0x0a, 0x0a, 0x0a, 0x0a, 0x05, 0x05,};
        fontdata[86] = new byte[]{0x05, 0x05, 0x05, 0x05, 0x05, 0x05, 0x05, 0x05, 0x05, 0x05, 0x05, 0x05, 0x05, 0x05, 0x05, 0x05, 0x05, 0x05, 0x05, 0x05, 0x05, 0x05, 0x05, 0x05, 0x05, 0x05, 0x05, 0x05, 0x05, 0x05, 0x05, 0x05, 0x05, 0x05, 0x05, 0x05, 0x05, 0x05, 0x05, 0x05, 0x05, 0x05, 0x05, 0x05, 0x05, 0x05, 0x05, 0x05, 0x05, 0x05, 0x05, 0x05, 0x05, 0x05, 0x05, 0x05, 0x05, 0x05, 0x05, 0x05, 0x05, 0x05, 0x05, 0x05, 0x05, 0x05, 0x05, 0x05, 0x05, 0x0a, 0x0a, 0x0a, 0x0a, 0x0a, 0x0a, 0x0a, 0x05, 0x05, 0x05, 0x0a, 0x0a, 0x0a, 0x0a, 0x05, 0x05, 0x0a, 0x0f, 0x0f, 0x0f, 0x0f, 0x0f, 0x0f, 0x0f, 0x0a, 0x05, 0x0a, 0x0f, 0x0f, 0x0f, 0x0f, 0x0a, 0x05, 0x05, 0x0a, 0x0a, 0x0f, 0x0f, 0x0f, 0x0a, 0x0a, 0x0a, 0x0a, 0x05, 0x0a, 0x0f, 0x0a, 0x0a, 0x0a, 0x0a, 0x05, 0x05, 0x0a, 0x0f, 0x0f, 0x0f, 0x0a, 0x0a, 0x0a, 0x05, 0x05, 0x0a, 0x0f, 0x0a, 0x0a, 0x0a, 0x05, 0x05, 0x05, 0x0a, 0x0f, 0x0f, 0x0f, 0x0f, 0x0a, 0x05, 0x05, 0x05, 0x0a, 0x0f, 0x0a, 0x0a, 0x05, 0x05, 0x05, 0x05, 0x05, 0x0a, 0x0f, 0x0f, 0x0f, 0x0a, 0x0a, 0x05, 0x0a, 0x0f, 0x0a, 0x0a, 0x0a, 0x05, 0x05, 0x05, 0x05, 0x05, 0x0a, 0x0f, 0x0f, 0x0f, 0x0f, 0x0a, 0x05, 0x0a, 0x0f, 0x0a, 0x0a, 0x05, 0x05, 0x05, 0x05, 0x05, 0x05, 0x05, 0x0a, 0x0f, 0x0f, 0x0f, 0x0a, 0x0a, 0x0f, 0x0a, 0x0a, 0x0a, 0x05, 0x05, 0x05, 0x05, 0x05, 0x05, 0x05, 0x0a, 0x0f, 0x0f, 0x0f, 0x0a, 0x0a, 0x0f, 0x0a, 0x0a, 0x05, 0x05, 0x05, 0x05, 0x05, 0x05, 0x05, 0x05, 0x05, 0x0a, 0x0f, 0x0f, 0x0f, 0x0a, 0x0f, 0x0a, 0x0a, 0x05, 0x05, 0x05, 0x05, 0x05, 0x05, 0x05, 0x05, 0x05, 0x0a, 0x0f, 0x0f, 0x0f, 0x0f, 0x0a, 0x0a, 0x0a, 0x05, 0x05, 0x05, 0x05, 0x05, 0x05, 0x05, 0x05, 0x05, 0x0a, 0x0f, 0x0f, 0x0f, 0x0f, 0x0a, 0x0a, 0x05, 0x05, 0x05, 0x05, 0x05, 0x05, 0x05, 0x05, 0x05, 0x05, 0x05, 0x0a, 0x0f, 0x0f, 0x0a, 0x0a, 0x0a, 0x05, 0x05, 0x05, 0x05, 0x05, 0x05, 0x05, 0x05, 0x05, 0x05, 0x05, 0x0a, 0x0f, 0x0f, 0x0a, 0x0a, 0x05, 0x05, 0x05, 0x05, 0x05, 0x05, 0x05, 0x05, 0x05, 0x05, 0x05, 0x05, 0x05, 0x0a, 0x0f, 0x0a, 0x0a, 0x05, 0x05, 0x05, 0x05, 0x05, 0x05, 0x05, 0x05, 0x05, 0x05, 0x05, 0x05, 0x05, 0x05, 0x0a, 0x0a, 0x0a, 0x05, 0x05, 0x05, 0x05, 0x05, 0x05, 0x05, 0x05, 0x05, 0x05, 0x05, 0x05, 0x05, 0x05, 0x05, 0x0a, 0x05, 0x05, 0x05, 0x05, 0x05, 0x05, 0x05,};
        fontdata[235] = new byte[]{0x05, 0x05, 0x05, 0x05, 0x05, 0x05, 0x0a, 0x0a, 0x0a, 0x05, 0x05, 0x05, 0x05, 0x05, 0x05, 0x05, 0x05, 0x05, 0x0a, 0x0f, 0x0f, 0x0f, 0x0a, 0x05, 0x05, 0x05, 0x05, 0x05, 0x05, 0x05, 0x0a, 0x0f, 0x0f, 0x0f, 0x0a, 0x0a, 0x0a, 0x05, 0x05, 0x05, 0x05, 0x05, 0x05, 0x0a, 0x0f, 0x0f, 0x0a, 0x0a, 0x0a, 0x05, 0x05, 0x05, 0x05, 0x05, 0x05, 0x0a, 0x0a, 0x0f, 0x0a, 0x0a, 0x0a, 0x0a, 0x05, 0x05, 0x05, 0x05, 0x05, 0x0a, 0x0f, 0x0f, 0x0f, 0x0f, 0x0f, 0x0a, 0x0f, 0x0a, 0x05, 0x05, 0x05, 0x0a, 0x0f, 0x0f, 0x0f, 0x0a, 0x0a, 0x0a, 0x0f, 0x0f, 0x0a, 0x0a, 0x05, 0x0a, 0x0f, 0x0f, 0x0f, 0x0a, 0x0a, 0x0a, 0x0a, 0x0a, 0x0f, 0x0a, 0x0a, 0x05, 0x0a, 0x0f, 0x0f, 0x0f, 0x0a, 0x0a, 0x05, 0x05, 0x0a, 0x0f, 0x0a, 0x0a, 0x05, 0x0a, 0x0f, 0x0f, 0x0f, 0x0f, 0x0a, 0x0a, 0x05, 0x05, 0x0a, 0x0a, 0x0a, 0x05, 0x0a, 0x0f, 0x0f, 0x0f, 0x0f, 0x0f, 0x0f, 0x0a, 0x0a, 0x05, 0x0a, 0x05, 0x05, 0x05, 0x0a, 0x0f, 0x0f, 0x0f, 0x0f, 0x0f, 0x0f, 0x0f, 0x0a, 0x05, 0x05, 0x05, 0x05, 0x05, 0x0a, 0x0a, 0x0f, 0x0f, 0x0f, 0x0f, 0x0f, 0x0f, 0x0a, 0x05, 0x05, 0x05, 0x0a, 0x05, 0x0a, 0x0a, 0x0a, 0x0f, 0x0f, 0x0f, 0x0f, 0x0f, 0x0a, 0x05, 0x0a, 0x0f, 0x0a, 0x05, 0x05, 0x0a, 0x0a, 0x0f, 0x0f, 0x0f, 0x0f, 0x0a, 0x0a, 0x0a, 0x0f, 0x0a, 0x0a, 0x05, 0x05, 0x05, 0x0a, 0x0f, 0x0f, 0x0f, 0x0a, 0x0a, 0x0a, 0x0f, 0x0f, 0x0a, 0x05, 0x05, 0x05, 0x0a, 0x0f, 0x0f, 0x0f, 0x0a, 0x0a, 0x0a, 0x0f, 0x0f, 0x0f, 0x0a, 0x0a, 0x0a, 0x0f, 0x0f, 0x0f, 0x0a, 0x0a, 0x0a, 0x0a, 0x0f, 0x0a, 0x0f, 0x0f, 0x0f, 0x0f, 0x0f, 0x0f, 0x0a, 0x0a, 0x0a, 0x05, 0x05, 0x0a, 0x0a, 0x0a, 0x0a, 0x0a, 0x0a, 0x0a, 0x0a, 0x0a, 0x0a, 0x05, 0x05, 0x05, 0x05, 0x0a, 0x05, 0x0a, 0x0a, 0x0a, 0x0a, 0x0a, 0x0a, 0x05, 0x05, 0x05,};
        fontdata[210] = new byte[]{0x05, 0x05, 0x05, 0x05, 0x05, 0x05, 0x05, 0x05, 0x05, 0x0a, 0x0a, 0x05, 0x05, 0x05, 0x05, 0x05, 0x05, 0x05, 0x05, 0x05, 0x05, 0x05, 0x05, 0x0a, 0x0f, 0x0f, 0x0a, 0x05, 0x05, 0x05, 0x05, 0x05, 0x05, 0x05, 0x05, 0x05, 0x05, 0x0a, 0x0f, 0x0f, 0x0a, 0x0a, 0x0a, 0x05, 0x05, 0x05, 0x05, 0x05, 0x05, 0x05, 0x05, 0x0a, 0x0f, 0x0f, 0x0a, 0x0a, 0x0a, 0x05, 0x05, 0x05, 0x05, 0x05, 0x05, 0x05, 0x05, 0x0a, 0x0f, 0x0f, 0x0a, 0x0a, 0x0a, 0x05, 0x0a, 0x05, 0x05, 0x05, 0x05, 0x05, 0x0a, 0x0a, 0x0f, 0x0f, 0x0f, 0x0f, 0x0f, 0x0a, 0x0a, 0x0f, 0x0a, 0x05, 0x05, 0x05, 0x0a, 0x0f, 0x0f, 0x0f, 0x0f, 0x0a, 0x0a, 0x0a, 0x0f, 0x0f, 0x0f, 0x0a, 0x0a, 0x05, 0x05, 0x0a, 0x0f, 0x0f, 0x0f, 0x0a, 0x0a, 0x0a, 0x0a, 0x0a, 0x0f, 0x0f, 0x0a, 0x0a, 0x05, 0x0a, 0x0f, 0x0f, 0x0f, 0x0a, 0x0a, 0x0a, 0x05, 0x05, 0x05, 0x0a, 0x0f, 0x0a, 0x0a, 0x0a, 0x0f, 0x0f, 0x0f, 0x0f, 0x0a, 0x0a, 0x05, 0x05, 0x05, 0x05, 0x0a, 0x0f, 0x0a, 0x0a, 0x0a, 0x0f, 0x0f, 0x0f, 0x0f, 0x0a, 0x0a, 0x05, 0x05, 0x05, 0x05, 0x05, 0x0a, 0x0a, 0x0a, 0x0a, 0x0f, 0x0f, 0x0f, 0x0f, 0x0a, 0x0a, 0x05, 0x05, 0x05, 0x05, 0x05, 0x05, 0x0a, 0x05, 0x0a, 0x0f, 0x0f, 0x0f, 0x0f, 0x0a, 0x0a, 0x05, 0x05, 0x05, 0x05, 0x05, 0x05, 0x05, 0x05, 0x0a, 0x0f, 0x0f, 0x0f, 0x0f, 0x0a, 0x0a, 0x05, 0x05, 0x05, 0x05, 0x05, 0x05, 0x05, 0x05, 0x0a, 0x0f, 0x0f, 0x0f, 0x0f, 0x0a, 0x0a, 0x05, 0x05, 0x05, 0x05, 0x05, 0x05, 0x05, 0x05, 0x05, 0x0a, 0x0f, 0x0f, 0x0f, 0x0a, 0x0a, 0x05, 0x05, 0x05, 0x05, 0x05, 0x0a, 0x05, 0x05, 0x05, 0x0a, 0x0f, 0x0f, 0x0f, 0x0f, 0x0a, 0x05, 0x05, 0x05, 0x05, 0x0a, 0x0f, 0x0a, 0x05, 0x05, 0x05, 0x0a, 0x0f, 0x0f, 0x0f, 0x0f, 0x0a, 0x0a, 0x0a, 0x0a, 0x0f, 0x0a, 0x0a, 0x0a, 0x05, 0x05, 0x05, 0x0a, 0x0a, 0x0f, 0x0f, 0x0f, 0x0f, 0x0f, 0x0f, 0x0a, 0x0a, 0x0a, 0x05, 0x05, 0x05, 0x05, 0x05, 0x0a, 0x0a, 0x0a, 0x0a, 0x0a, 0x0a, 0x0a, 0x0a, 0x0a, 0x05, 0x05, 0x05, 0x05, 0x05, 0x05, 0x05, 0x05, 0x0a, 0x0a, 0x0a, 0x0a, 0x0a, 0x0a, 0x05, 0x05, 0x05,};
        fontdata[51] = new byte[]{0x05, 0x05, 0x05, 0x05, 0x05, 0x05, 0x05, 0x05, 0x05, 0x05, 0x05, 0x05, 0x05, 0x05, 0x05, 0x05, 0x05, 0x05, 0x05, 0x05, 0x05, 0x05, 0x05, 0x05, 0x05, 0x05, 0x05, 0x05, 0x05, 0x05, 0x05, 0x05, 0x05, 0x05, 0x05, 0x05, 0x05, 0x05, 0x05, 0x05, 0x05, 0x05, 0x05, 0x05, 0x05, 0x05, 0x05, 0x05, 0x05, 0x05, 0x05, 0x05, 0x05, 0x05, 0x05, 0x05, 0x05, 0x05, 0x05, 0x05, 0x05, 0x05, 0x05, 0x05, 0x05, 0x05, 0x05, 0x05, 0x05, 0x05, 0x0a, 0x0a, 0x0a, 0x05, 0x05, 0x05, 0x05, 0x05, 0x05, 0x05, 0x0a, 0x0f, 0x0f, 0x0f, 0x0a, 0x05, 0x05, 0x05, 0x05, 0x0a, 0x0a, 0x0f, 0x0f, 0x0f, 0x0f, 0x0f, 0x0a, 0x05, 0x05, 0x0a, 0x0f, 0x0f, 0x0a, 0x0f, 0x0f, 0x0f, 0x0f, 0x0a, 0x0a, 0x05, 0x0a, 0x0f, 0x0a, 0x0a, 0x0a, 0x0f, 0x0f, 0x0f, 0x0a, 0x0a, 0x05, 0x05, 0x0a, 0x0a, 0x0a, 0x0a, 0x0f, 0x0f, 0x0a, 0x0a, 0x0a, 0x05, 0x05, 0x05, 0x0a, 0x0a, 0x0f, 0x0f, 0x0f, 0x0a, 0x0a, 0x05, 0x05, 0x05, 0x05, 0x05, 0x05, 0x0a, 0x0f, 0x0f, 0x0f, 0x0f, 0x0a, 0x05, 0x05, 0x05, 0x05, 0x05, 0x05, 0x0a, 0x0f, 0x0f, 0x0f, 0x0a, 0x0a, 0x05, 0x05, 0x0a, 0x05, 0x05, 0x0a, 0x0f, 0x0f, 0x0f, 0x0a, 0x0a, 0x05, 0x0a, 0x0f, 0x0a, 0x05, 0x0a, 0x0f, 0x0f, 0x0f, 0x0a, 0x0a, 0x0a, 0x0f, 0x0f, 0x0f, 0x0a, 0x0a, 0x0f, 0x0f, 0x0a, 0x0a, 0x0a, 0x05, 0x0a, 0x0f, 0x0f, 0x0f, 0x0f, 0x0a, 0x0a, 0x0a, 0x0a, 0x05, 0x05, 0x05, 0x0a, 0x0a, 0x0a, 0x0a, 0x0a, 0x0a, 0x0a, 0x05, 0x05, 0x05, 0x05, 0x05, 0x0a, 0x0a, 0x0a, 0x0a, 0x05, 0x05, 0x05, 0x05,};
        fontdata[73] = new byte[]{0x05, 0x05, 0x05, 0x05, 0x05, 0x05, 0x05, 0x05, 0x05, 0x05, 0x05, 0x05, 0x05, 0x05, 0x05, 0x05, 0x05, 0x05, 0x05, 0x05, 0x05, 0x05, 0x05, 0x05, 0x05, 0x05, 0x05, 0x05, 0x05, 0x05, 0x05, 0x05, 0x05, 0x05, 0x05, 0x05, 0x05, 0x05, 0x05, 0x05, 0x05, 0x0a, 0x0a, 0x0a, 0x0a, 0x0a, 0x0a, 0x0a, 0x05, 0x05, 0x0a, 0x0f, 0x0f, 0x0f, 0x0f, 0x0f, 0x0f, 0x0f, 0x0a, 0x05, 0x05, 0x0a, 0x0a, 0x0f, 0x0f, 0x0f, 0x0a, 0x0a, 0x0a, 0x0a, 0x05, 0x05, 0x0a, 0x0f, 0x0f, 0x0f, 0x0a, 0x0a, 0x0a, 0x05, 0x05, 0x05, 0x0a, 0x0f, 0x0f, 0x0f, 0x0a, 0x0a, 0x05, 0x05, 0x05, 0x05, 0x0a, 0x0f, 0x0f, 0x0f, 0x0a, 0x0a, 0x05, 0x05, 0x05, 0x05, 0x0a, 0x0f, 0x0f, 0x0f, 0x0a, 0x0a, 0x05, 0x05, 0x05, 0x05, 0x0a, 0x0f, 0x0f, 0x0f, 0x0a, 0x0a, 0x05, 0x05, 0x05, 0x05, 0x0a, 0x0f, 0x0f, 0x0f, 0x0a, 0x0a, 0x05, 0x05, 0x05, 0x05, 0x0a, 0x0f, 0x0f, 0x0f, 0x0a, 0x0a, 0x05, 0x05, 0x05, 0x05, 0x0a, 0x0f, 0x0f, 0x0f, 0x0a, 0x0a, 0x05, 0x05, 0x05, 0x05, 0x0a, 0x0f, 0x0f, 0x0f, 0x0a, 0x0a, 0x05, 0x05, 0x05, 0x05, 0x0a, 0x0f, 0x0f, 0x0f, 0x0a, 0x0a, 0x05, 0x05, 0x05, 0x0a, 0x0a, 0x0f, 0x0f, 0x0f, 0x0a, 0x0a, 0x05, 0x05, 0x0a, 0x0f, 0x0f, 0x0f, 0x0f, 0x0f, 0x0f, 0x0f, 0x0a, 0x05, 0x05, 0x0a, 0x0a, 0x0a, 0x0a, 0x0a, 0x0a, 0x0a, 0x0a, 0x0a, 0x05, 0x05, 0x0a, 0x0a, 0x0a, 0x0a, 0x0a, 0x0a, 0x0a, 0x05,};
        fontdata[225] = new byte[]{0x05, 0x05, 0x05, 0x05, 0x05, 0x0a, 0x0a, 0x0a, 0x05, 0x0a, 0x0a, 0x0a, 0x05, 0x05, 0x05, 0x05, 0x05, 0x05, 0x05, 0x05, 0x05, 0x05, 0x0a, 0x0f, 0x0f, 0x0f, 0x0a, 0x0f, 0x0f, 0x0f, 0x0a, 0x05, 0x05, 0x05, 0x05, 0x05, 0x05, 0x05, 0x05, 0x05, 0x0a, 0x0f, 0x0f, 0x0f, 0x0a, 0x0f, 0x0f, 0x0f, 0x0a, 0x0a, 0x05, 0x05, 0x05, 0x05, 0x05, 0x05, 0x05, 0x05, 0x0a, 0x0f, 0x0f, 0x0f, 0x0a, 0x0f, 0x0f, 0x0f, 0x0a, 0x0a, 0x05, 0x05, 0x05, 0x05, 0x05, 0x05, 0x05, 0x05, 0x05, 0x0f, 0x0f, 0x0a, 0x0a, 0x0f, 0x0a, 0x0a, 0x0a, 0x0a, 0x05, 0x05, 0x05, 0x05, 0x05, 0x05, 0x05, 0x05, 0x0a, 0x0a, 0x0f, 0x0f, 0x0f, 0x0f, 0x0f, 0x0a, 0x0a, 0x05, 0x05, 0x05, 0x05, 0x05, 0x05, 0x05, 0x05, 0x0a, 0x0f, 0x0f, 0x0f, 0x0a, 0x0a, 0x0a, 0x0f, 0x0f, 0x0f, 0x0a, 0x05, 0x05, 0x05, 0x05, 0x05, 0x05, 0x0a, 0x0f, 0x0f, 0x0f, 0x0a, 0x0a, 0x0a, 0x0a, 0x0a, 0x0f, 0x0f, 0x0f, 0x0a, 0x05, 0x05, 0x05, 0x05, 0x0a, 0x0f, 0x0f, 0x0f, 0x0f, 0x0a, 0x0a, 0x05, 0x05, 0x05, 0x0a, 0x0f, 0x0f, 0x0f, 0x0a, 0x05, 0x05, 0x0a, 0x0f, 0x0f, 0x0f, 0x0f, 0x0a, 0x0a, 0x0a, 0x05, 0x05, 0x05, 0x0a, 0x0f, 0x0f, 0x0f, 0x0f, 0x0a, 0x05, 0x0a, 0x0f, 0x0f, 0x0f, 0x0f, 0x0a, 0x0a, 0x05, 0x05, 0x05, 0x05, 0x0a, 0x0f, 0x0f, 0x0f, 0x0f, 0x0a, 0x0a, 0x0a, 0x0f, 0x0f, 0x0f, 0x0f, 0x0a, 0x0a, 0x05, 0x05, 0x05, 0x05, 0x0a, 0x0f, 0x0f, 0x0f, 0x0f, 0x0a, 0x0a, 0x0a, 0x0f, 0x0f, 0x0f, 0x0f, 0x0a, 0x0a, 0x05, 0x05, 0x05, 0x05, 0x0a, 0x0f, 0x0f, 0x0f, 0x0f, 0x0a, 0x0a, 0x0a, 0x0f, 0x0f, 0x0f, 0x0f, 0x0a, 0x0a, 0x05, 0x05, 0x05, 0x05, 0x0a, 0x0f, 0x0f, 0x0f, 0x0f, 0x0a, 0x0a, 0x0a, 0x0f, 0x0f, 0x0f, 0x0f, 0x0a, 0x0a, 0x05, 0x05, 0x05, 0x05, 0x0a, 0x0f, 0x0f, 0x0f, 0x0f, 0x0a, 0x0a, 0x05, 0x0a, 0x0f, 0x0f, 0x0f, 0x0a, 0x0a, 0x05, 0x05, 0x05, 0x05, 0x0a, 0x0f, 0x0f, 0x0f, 0x0a, 0x0a, 0x0a, 0x05, 0x05, 0x0a, 0x0f, 0x0f, 0x0f, 0x0a, 0x05, 0x05, 0x05, 0x0a, 0x0f, 0x0f, 0x0f, 0x0a, 0x0a, 0x0a, 0x05, 0x05, 0x05, 0x05, 0x0a, 0x0f, 0x0f, 0x0f, 0x0a, 0x0a, 0x0a, 0x0f, 0x0f, 0x0f, 0x0a, 0x0a, 0x0a, 0x05, 0x05, 0x05, 0x05, 0x05, 0x05, 0x0a, 0x0a, 0x0f, 0x0f, 0x0f, 0x0f, 0x0f, 0x0a, 0x0a, 0x0a, 0x0a, 0x05, 0x05, 0x05, 0x05, 0x05, 0x05, 0x05, 0x05, 0x0a, 0x0a, 0x0a, 0x0a, 0x0a, 0x0a, 0x0a, 0x0a, 0x0a, 0x05, 0x05, 0x05, 0x05, 0x05, 0x05, 0x05, 0x05, 0x05, 0x05, 0x05, 0x0a, 0x0a, 0x0a, 0x0a, 0x0a, 0x05, 0x05, 0x05, 0x05, 0x05, 0x05,};
        fontdata[113] = new byte[]{0x05, 0x05, 0x05, 0x05, 0x05, 0x05, 0x05, 0x05, 0x05, 0x05, 0x05, 0x05, 0x05, 0x05, 0x05, 0x05, 0x05, 0x05, 0x05, 0x05, 0x05, 0x05, 0x05, 0x05, 0x05, 0x05, 0x05, 0x05, 0x05, 0x05, 0x05, 0x05, 0x05, 0x05, 0x05, 0x05, 0x05, 0x05, 0x05, 0x05, 0x05, 0x05, 0x05, 0x05, 0x05, 0x05, 0x05, 0x05, 0x05, 0x05, 0x05, 0x05, 0x05, 0x05, 0x05, 0x05, 0x05, 0x05, 0x05, 0x05, 0x05, 0x05, 0x05, 0x05, 0x05, 0x05, 0x05, 0x05, 0x05, 0x05, 0x05, 0x05, 0x05, 0x05, 0x05, 0x05, 0x05, 0x05, 0x05, 0x05, 0x05, 0x0a, 0x0a, 0x0a, 0x0a, 0x05, 0x05, 0x0a, 0x05, 0x05, 0x05, 0x05, 0x05, 0x0a, 0x0f, 0x0f, 0x0f, 0x0f, 0x0a, 0x0a, 0x0f, 0x0a, 0x05, 0x05, 0x05, 0x0a, 0x0f, 0x0f, 0x0f, 0x0a, 0x0a, 0x0f, 0x0f, 0x0f, 0x0a, 0x0a, 0x05, 0x0a, 0x0f, 0x0f, 0x0f, 0x0a, 0x0a, 0x0a, 0x0f, 0x0f, 0x0f, 0x0a, 0x0a, 0x05, 0x0a, 0x0f, 0x0f, 0x0f, 0x0a, 0x0a, 0x0a, 0x0f, 0x0f, 0x0f, 0x0a, 0x0a, 0x05, 0x0a, 0x0f, 0x0f, 0x0f, 0x0a, 0x0a, 0x0a, 0x0f, 0x0f, 0x0f, 0x0a, 0x0a, 0x05, 0x0a, 0x0f, 0x0f, 0x0f, 0x0a, 0x0a, 0x0a, 0x0f, 0x0f, 0x0f, 0x0a, 0x0a, 0x05, 0x05, 0x0a, 0x0f, 0x0f, 0x0f, 0x0a, 0x0a, 0x0f, 0x0f, 0x0f, 0x0a, 0x0a, 0x05, 0x05, 0x05, 0x0a, 0x0f, 0x0f, 0x0f, 0x0f, 0x0f, 0x0f, 0x0f, 0x0a, 0x0a, 0x05, 0x05, 0x05, 0x05, 0x0a, 0x0a, 0x0a, 0x0a, 0x0f, 0x0f, 0x0f, 0x0a, 0x0a, 0x05, 0x05, 0x05, 0x05, 0x05, 0x0a, 0x0a, 0x0a, 0x0f, 0x0f, 0x0f, 0x0a, 0x0a, 0x05, 0x05, 0x05, 0x05, 0x05, 0x05, 0x05, 0x0a, 0x0f, 0x0f, 0x0f, 0x0a, 0x0a, 0x05, 0x05, 0x05, 0x05, 0x05, 0x05, 0x0a, 0x0f, 0x0f, 0x0f, 0x0f, 0x0f, 0x0a, 0x05, 0x05, 0x05, 0x05, 0x05, 0x05, 0x05, 0x0a, 0x0a, 0x0a, 0x0a, 0x0a, 0x0a, 0x0a, 0x05, 0x05, 0x05, 0x05, 0x05, 0x05, 0x05, 0x0a, 0x0a, 0x0a, 0x0a, 0x0a, 0x05,};
        fontdata[48] = new byte[]{0x05, 0x05, 0x05, 0x05, 0x05, 0x05, 0x05, 0x05, 0x05, 0x05, 0x05, 0x05, 0x05, 0x05, 0x05, 0x05, 0x05, 0x05, 0x05, 0x05, 0x05, 0x05, 0x05, 0x05, 0x05, 0x05, 0x05, 0x05, 0x05, 0x05, 0x05, 0x05, 0x05, 0x05, 0x05, 0x05, 0x05, 0x05, 0x05, 0x05, 0x05, 0x05, 0x05, 0x05, 0x05, 0x05, 0x05, 0x05, 0x05, 0x05, 0x05, 0x05, 0x05, 0x05, 0x05, 0x05, 0x05, 0x05, 0x05, 0x05, 0x05, 0x05, 0x05, 0x05, 0x05, 0x05, 0x05, 0x05, 0x05, 0x0a, 0x0a, 0x0a, 0x0a, 0x05, 0x05, 0x05, 0x05, 0x05, 0x05, 0x0a, 0x0f, 0x0f, 0x0f, 0x0f, 0x0a, 0x05, 0x05, 0x05, 0x05, 0x0a, 0x0f, 0x0f, 0x0a, 0x0a, 0x0f, 0x0f, 0x0a, 0x05, 0x05, 0x05, 0x0a, 0x0f, 0x0f, 0x0a, 0x0a, 0x0f, 0x0f, 0x0a, 0x0a, 0x05, 0x0a, 0x0f, 0x0f, 0x0f, 0x0a, 0x0a, 0x0f, 0x0f, 0x0f, 0x0a, 0x05, 0x0a, 0x0f, 0x0f, 0x0f, 0x0a, 0x0a, 0x0f, 0x0f, 0x0f, 0x0a, 0x0a, 0x0a, 0x0f, 0x0f, 0x0f, 0x0a, 0x0a, 0x0f, 0x0f, 0x0f, 0x0a, 0x0a, 0x0a, 0x0f, 0x0f, 0x0f, 0x0a, 0x0a, 0x0f, 0x0f, 0x0f, 0x0a, 0x0a, 0x0a, 0x0f, 0x0f, 0x0f, 0x0a, 0x0a, 0x0f, 0x0f, 0x0f, 0x0a, 0x0a, 0x0a, 0x0f, 0x0f, 0x0f, 0x0a, 0x0a, 0x0f, 0x0f, 0x0f, 0x0a, 0x0a, 0x05, 0x0a, 0x0f, 0x0f, 0x0a, 0x0a, 0x0f, 0x0f, 0x0a, 0x0a, 0x0a, 0x05, 0x0a, 0x0f, 0x0f, 0x0a, 0x0a, 0x0f, 0x0f, 0x0a, 0x0a, 0x05, 0x05, 0x05, 0x0a, 0x0f, 0x0f, 0x0f, 0x0f, 0x0a, 0x0a, 0x0a, 0x05, 0x05, 0x05, 0x05, 0x0a, 0x0a, 0x0a, 0x0a, 0x0a, 0x0a, 0x05, 0x05, 0x05, 0x05, 0x05, 0x05, 0x0a, 0x0a, 0x0a, 0x0a, 0x05, 0x05, 0x05,};
        fontdata[79] = new byte[]{0x05, 0x05, 0x05, 0x05, 0x05, 0x05, 0x05, 0x05, 0x05, 0x05, 0x05, 0x05, 0x05, 0x05, 0x05, 0x05, 0x05, 0x05, 0x05, 0x05, 0x05, 0x05, 0x05, 0x05, 0x05, 0x05, 0x05, 0x05, 0x05, 0x05, 0x05, 0x05, 0x05, 0x05, 0x05, 0x05, 0x05, 0x05, 0x05, 0x05, 0x05, 0x05, 0x05, 0x05, 0x05, 0x05, 0x05, 0x05, 0x05, 0x05, 0x05, 0x05, 0x05, 0x05, 0x05, 0x05, 0x05, 0x05, 0x05, 0x05, 0x05, 0x05, 0x05, 0x05, 0x05, 0x05, 0x05, 0x05, 0x05, 0x05, 0x05, 0x05, 0x05, 0x05, 0x05, 0x05, 0x05, 0x05, 0x0a, 0x0a, 0x0a, 0x0a, 0x0a, 0x05, 0x05, 0x05, 0x05, 0x05, 0x05, 0x05, 0x05, 0x05, 0x05, 0x05, 0x0a, 0x0a, 0x0f, 0x0f, 0x0f, 0x0f, 0x0f, 0x0a, 0x0a, 0x05, 0x05, 0x05, 0x05, 0x05, 0x05, 0x05, 0x05, 0x0a, 0x0f, 0x0f, 0x0f, 0x0a, 0x0a, 0x0a, 0x0f, 0x0f, 0x0f, 0x0a, 0x05, 0x05, 0x05, 0x05, 0x05, 0x05, 0x0a, 0x0f, 0x0f, 0x0f, 0x0a, 0x0a, 0x0a, 0x0a, 0x0a, 0x0f, 0x0f, 0x0f, 0x0a, 0x05, 0x05, 0x05, 0x05, 0x0a, 0x0f, 0x0f, 0x0f, 0x0f, 0x0a, 0x0a, 0x05, 0x05, 0x05, 0x0a, 0x0f, 0x0f, 0x0f, 0x0a, 0x05, 0x05, 0x0a, 0x0f, 0x0f, 0x0f, 0x0f, 0x0a, 0x0a, 0x0a, 0x05, 0x05, 0x05, 0x0a, 0x0f, 0x0f, 0x0f, 0x0f, 0x0a, 0x05, 0x0a, 0x0f, 0x0f, 0x0f, 0x0f, 0x0a, 0x0a, 0x05, 0x05, 0x05, 0x05, 0x0a, 0x0f, 0x0f, 0x0f, 0x0f, 0x0a, 0x0a, 0x0a, 0x0f, 0x0f, 0x0f, 0x0f, 0x0a, 0x0a, 0x05, 0x05, 0x05, 0x05, 0x0a, 0x0f, 0x0f, 0x0f, 0x0f, 0x0a, 0x0a, 0x0a, 0x0f, 0x0f, 0x0f, 0x0f, 0x0a, 0x0a, 0x05, 0x05, 0x05, 0x05, 0x0a, 0x0f, 0x0f, 0x0f, 0x0f, 0x0a, 0x0a, 0x0a, 0x0f, 0x0f, 0x0f, 0x0f, 0x0a, 0x0a, 0x05, 0x05, 0x05, 0x05, 0x0a, 0x0f, 0x0f, 0x0f, 0x0f, 0x0a, 0x0a, 0x0a, 0x0f, 0x0f, 0x0f, 0x0f, 0x0a, 0x0a, 0x05, 0x05, 0x05, 0x05, 0x0a, 0x0f, 0x0f, 0x0f, 0x0f, 0x0a, 0x0a, 0x05, 0x0a, 0x0f, 0x0f, 0x0f, 0x0a, 0x0a, 0x05, 0x05, 0x05, 0x05, 0x0a, 0x0f, 0x0f, 0x0f, 0x0a, 0x0a, 0x0a, 0x05, 0x05, 0x0a, 0x0f, 0x0f, 0x0f, 0x0a, 0x05, 0x05, 0x05, 0x0a, 0x0f, 0x0f, 0x0f, 0x0a, 0x0a, 0x0a, 0x05, 0x05, 0x05, 0x05, 0x0a, 0x0f, 0x0f, 0x0f, 0x0a, 0x0a, 0x0a, 0x0f, 0x0f, 0x0f, 0x0a, 0x0a, 0x0a, 0x05, 0x05, 0x05, 0x05, 0x05, 0x05, 0x0a, 0x0a, 0x0f, 0x0f, 0x0f, 0x0f, 0x0f, 0x0a, 0x0a, 0x0a, 0x0a, 0x05, 0x05, 0x05, 0x05, 0x05, 0x05, 0x05, 0x05, 0x0a, 0x0a, 0x0a, 0x0a, 0x0a, 0x0a, 0x0a, 0x0a, 0x0a, 0x05, 0x05, 0x05, 0x05, 0x05, 0x05, 0x05, 0x05, 0x05, 0x05, 0x05, 0x0a, 0x0a, 0x0a, 0x0a, 0x0a, 0x05, 0x05, 0x05, 0x05, 0x05, 0x05,};
        fontdata[231] = new byte[]{0x05, 0x05, 0x05, 0x05, 0x05, 0x05, 0x05, 0x05, 0x05, 0x05, 0x05, 0x05, 0x05, 0x05, 0x05, 0x05, 0x05, 0x05, 0x05, 0x05, 0x05, 0x05, 0x05, 0x05, 0x05, 0x05, 0x05, 0x05, 0x05, 0x05, 0x05, 0x05, 0x05, 0x05, 0x05, 0x05, 0x05, 0x05, 0x05, 0x05, 0x05, 0x05, 0x05, 0x05, 0x05, 0x05, 0x05, 0x05, 0x05, 0x05, 0x05, 0x05, 0x05, 0x05, 0x05, 0x05, 0x05, 0x05, 0x05, 0x05, 0x05, 0x05, 0x05, 0x05, 0x05, 0x05, 0x14, 0x14, 0x05, 0x05, 0x14, 0x0f, 0x0f, 0x14, 0x05, 0x14, 0x0f, 0x0f, 0x14, 0x0a, 0x14, 0x0f, 0x0f, 0x14, 0x0a, 0x14, 0x0f, 0x0f, 0x14, 0x0a, 0x05, 0x14, 0x0f, 0x14, 0x0a, 0x05, 0x05, 0x14, 0x14, 0x0a, 0x05, 0x05, 0x05, 0x14, 0x05,};
        fontdata[109] = new byte[]{0x05, 0x05, 0x05, 0x05, 0x05, 0x05, 0x05, 0x05, 0x05, 0x05, 0x05, 0x05, 0x05, 0x05, 0x05, 0x05, 0x05, 0x05, 0x05, 0x05, 0x05, 0x05, 0x05, 0x05, 0x05, 0x05, 0x05, 0x05, 0x05, 0x05, 0x05, 0x05, 0x05, 0x05, 0x05, 0x05, 0x05, 0x05, 0x05, 0x05, 0x05, 0x05, 0x05, 0x05, 0x05, 0x05, 0x05, 0x05, 0x05, 0x05, 0x05, 0x05, 0x05, 0x05, 0x05, 0x05, 0x05, 0x05, 0x05, 0x05, 0x05, 0x05, 0x05, 0x05, 0x05, 0x05, 0x05, 0x05, 0x05, 0x05, 0x05, 0x05, 0x05, 0x05, 0x05, 0x05, 0x05, 0x05, 0x05, 0x05, 0x05, 0x05, 0x05, 0x05, 0x05, 0x05, 0x05, 0x05, 0x05, 0x05, 0x05, 0x05, 0x05, 0x05, 0x05, 0x05, 0x05, 0x05, 0x05, 0x05, 0x05, 0x05, 0x05, 0x05, 0x05, 0x05, 0x05, 0x05, 0x05, 0x05, 0x05, 0x05, 0x05, 0x05, 0x05, 0x05, 0x05, 0x05, 0x05, 0x05, 0x05, 0x05, 0x05, 0x05, 0x05, 0x05, 0x05, 0x05, 0x05, 0x05, 0x05, 0x05, 0x05, 0x05, 0x05, 0x05, 0x05, 0x05, 0x05, 0x05, 0x05, 0x05, 0x05, 0x05, 0x05, 0x05, 0x05, 0x05, 0x05, 0x05, 0x05, 0x05, 0x05, 0x05, 0x05, 0x05, 0x05, 0x05, 0x05, 0x05, 0x05, 0x05, 0x05, 0x05, 0x05, 0x05, 0x05, 0x05, 0x05, 0x05, 0x05, 0x05, 0x05, 0x05, 0x05, 0x05, 0x05, 0x05, 0x05, 0x05, 0x05, 0x0a, 0x0a, 0x0a, 0x0a, 0x05, 0x0a, 0x0a, 0x0a, 0x05, 0x05, 0x0a, 0x0a, 0x0a, 0x05, 0x05, 0x05, 0x05, 0x0a, 0x0f, 0x0f, 0x0f, 0x0f, 0x0a, 0x0f, 0x0f, 0x0f, 0x0a, 0x0a, 0x0f, 0x0f, 0x0f, 0x0a, 0x05, 0x05, 0x05, 0x05, 0x0a, 0x0f, 0x0f, 0x0f, 0x0f, 0x0f, 0x0f, 0x0f, 0x0f, 0x0f, 0x0f, 0x0f, 0x0f, 0x0f, 0x0a, 0x05, 0x05, 0x05, 0x0a, 0x0f, 0x0f, 0x0f, 0x0a, 0x0a, 0x0f, 0x0f, 0x0f, 0x0a, 0x0a, 0x0f, 0x0f, 0x0f, 0x0a, 0x0a, 0x05, 0x05, 0x0a, 0x0f, 0x0f, 0x0f, 0x0a, 0x0a, 0x0f, 0x0f, 0x0f, 0x0a, 0x0a, 0x0f, 0x0f, 0x0f, 0x0a, 0x0a, 0x05, 0x05, 0x0a, 0x0f, 0x0f, 0x0f, 0x0a, 0x0a, 0x0f, 0x0f, 0x0f, 0x0a, 0x0a, 0x0f, 0x0f, 0x0f, 0x0a, 0x0a, 0x05, 0x05, 0x0a, 0x0f, 0x0f, 0x0f, 0x0a, 0x0a, 0x0f, 0x0f, 0x0f, 0x0a, 0x0a, 0x0f, 0x0f, 0x0f, 0x0a, 0x0a, 0x05, 0x05, 0x0a, 0x0f, 0x0f, 0x0f, 0x0a, 0x0a, 0x0f, 0x0f, 0x0f, 0x0a, 0x0a, 0x0f, 0x0f, 0x0f, 0x0a, 0x0a, 0x05, 0x0a, 0x0f, 0x0f, 0x0f, 0x0f, 0x0f, 0x0f, 0x0f, 0x0f, 0x0f, 0x0f, 0x0f, 0x0f, 0x0f, 0x0f, 0x0f, 0x0a, 0x05, 0x05, 0x0a, 0x0a, 0x0a, 0x0a, 0x0a, 0x0a, 0x0a, 0x0a, 0x0a, 0x0a, 0x0a, 0x0a, 0x0a, 0x0a, 0x0a, 0x0a, 0x0a, 0x05, 0x05, 0x0a, 0x0a, 0x0a, 0x0a, 0x0a, 0x0a, 0x0a, 0x0a, 0x0a, 0x0a, 0x0a, 0x0a, 0x0a, 0x0a, 0x0a, 0x05,};
        fontdata[204] = new byte[]{0x05, 0x05, 0x05, 0x05, 0x05, 0x05, 0x05, 0x05, 0x05, 0x05, 0x05, 0x05, 0x05, 0x05, 0x05, 0x05, 0x05, 0x05, 0x05, 0x05, 0x05, 0x05, 0x05, 0x05, 0x05, 0x05, 0x05, 0x05, 0x05, 0x05, 0x05, 0x05, 0x05, 0x05, 0x05, 0x05, 0x05, 0x05, 0x05, 0x05, 0x05, 0x05, 0x05, 0x05, 0x05, 0x05, 0x05, 0x05, 0x05, 0x05, 0x05, 0x05, 0x05, 0x05, 0x05, 0x05, 0x05, 0x0a, 0x0a, 0x05, 0x05, 0x05, 0x0a, 0x0a, 0x05, 0x05, 0x05, 0x0a, 0x0f, 0x0f, 0x0a, 0x05, 0x0a, 0x0f, 0x0f, 0x0a, 0x05, 0x05, 0x05, 0x0a, 0x0f, 0x0f, 0x0a, 0x0f, 0x0f, 0x0a, 0x0a, 0x0a, 0x05, 0x05, 0x05, 0x0a, 0x0f, 0x0f, 0x0f, 0x0a, 0x0a, 0x0a, 0x05, 0x05, 0x05, 0x05, 0x0a, 0x0f, 0x0f, 0x0a, 0x0a, 0x0a, 0x05, 0x05, 0x05, 0x05, 0x05, 0x0a, 0x0f, 0x0a, 0x0a, 0x05, 0x05, 0x05, 0x05, 0x05, 0x05, 0x0a, 0x0f, 0x0f, 0x0f, 0x0f, 0x0a, 0x05, 0x05, 0x05, 0x05, 0x0a, 0x0f, 0x0f, 0x0a, 0x0a, 0x0f, 0x0f, 0x0a, 0x05, 0x05, 0x0a, 0x0f, 0x0f, 0x0f, 0x0a, 0x0a, 0x0f, 0x0f, 0x0a, 0x0a, 0x05, 0x0a, 0x0f, 0x0f, 0x0f, 0x0f, 0x0f, 0x0f, 0x0f, 0x0f, 0x0a, 0x05, 0x0a, 0x0f, 0x0f, 0x0f, 0x0a, 0x0a, 0x0a, 0x0a, 0x0a, 0x0a, 0x0a, 0x0a, 0x0f, 0x0f, 0x0f, 0x0f, 0x0a, 0x0a, 0x0a, 0x0f, 0x0a, 0x05, 0x05, 0x0a, 0x0f, 0x0f, 0x0f, 0x0f, 0x0f, 0x0f, 0x0a, 0x0a, 0x0a, 0x05, 0x05, 0x0a, 0x0f, 0x0f, 0x0f, 0x0f, 0x0a, 0x0a, 0x0a, 0x05, 0x05, 0x05, 0x05, 0x0a, 0x0a, 0x0a, 0x0a, 0x0a, 0x0a, 0x05, 0x05, 0x05, 0x05, 0x05, 0x05, 0x0a, 0x0a, 0x0a, 0x0a, 0x05, 0x05, 0x05,};
        fontdata[98] = new byte[]{0x05, 0x05, 0x05, 0x05, 0x05, 0x05, 0x05, 0x05, 0x05, 0x05, 0x05, 0x05, 0x05, 0x05, 0x05, 0x05, 0x05, 0x05, 0x05, 0x05, 0x05, 0x05, 0x05, 0x05, 0x05, 0x05, 0x05, 0x05, 0x05, 0x05, 0x05, 0x05, 0x05, 0x05, 0x05, 0x05, 0x05, 0x05, 0x05, 0x05, 0x05, 0x05, 0x05, 0x05, 0x05, 0x05, 0x05, 0x05, 0x05, 0x05, 0x05, 0x05, 0x05, 0x05, 0x05, 0x05, 0x05, 0x05, 0x05, 0x05, 0x05, 0x05, 0x05, 0x05, 0x05, 0x05, 0x05, 0x05, 0x05, 0x05, 0x05, 0x05, 0x05, 0x0a, 0x0a, 0x0a, 0x0a, 0x05, 0x05, 0x05, 0x05, 0x05, 0x05, 0x05, 0x0a, 0x0f, 0x0f, 0x0f, 0x0f, 0x0a, 0x05, 0x05, 0x05, 0x05, 0x05, 0x05, 0x05, 0x0a, 0x0f, 0x0f, 0x0f, 0x0a, 0x0a, 0x05, 0x05, 0x05, 0x05, 0x05, 0x05, 0x0a, 0x0f, 0x0f, 0x0f, 0x0a, 0x0a, 0x05, 0x05, 0x05, 0x05, 0x05, 0x05, 0x0a, 0x0f, 0x0f, 0x0f, 0x0a, 0x0a, 0x0a, 0x0a, 0x05, 0x05, 0x05, 0x05, 0x0a, 0x0f, 0x0f, 0x0f, 0x0a, 0x0f, 0x0f, 0x0f, 0x0a, 0x05, 0x05, 0x05, 0x0a, 0x0f, 0x0f, 0x0f, 0x0f, 0x0a, 0x0f, 0x0f, 0x0a, 0x0a, 0x05, 0x05, 0x0a, 0x0f, 0x0f, 0x0f, 0x0a, 0x0a, 0x0f, 0x0f, 0x0f, 0x0a, 0x05, 0x05, 0x0a, 0x0f, 0x0f, 0x0f, 0x0a, 0x0a, 0x0f, 0x0f, 0x0f, 0x0a, 0x0a, 0x05, 0x0a, 0x0f, 0x0f, 0x0f, 0x0a, 0x0a, 0x0f, 0x0f, 0x0f, 0x0a, 0x0a, 0x05, 0x0a, 0x0f, 0x0f, 0x0f, 0x0a, 0x0a, 0x0f, 0x0f, 0x0f, 0x0a, 0x0a, 0x05, 0x0a, 0x0f, 0x0f, 0x0f, 0x0a, 0x0a, 0x0f, 0x0f, 0x0a, 0x0a, 0x0a, 0x05, 0x0a, 0x0f, 0x0a, 0x0a, 0x0f, 0x0f, 0x0f, 0x0a, 0x0a, 0x0a, 0x05, 0x05, 0x05, 0x0a, 0x0a, 0x0a, 0x0a, 0x0a, 0x0a, 0x0a, 0x0a, 0x05, 0x05, 0x05, 0x05, 0x05, 0x0a, 0x05, 0x05, 0x0a, 0x0a, 0x0a, 0x05, 0x05, 0x05,};
        fontdata[54] = new byte[]{0x05, 0x05, 0x05, 0x05, 0x05, 0x05, 0x05, 0x05, 0x05, 0x05, 0x05, 0x05, 0x05, 0x05, 0x05, 0x05, 0x05, 0x05, 0x05, 0x05, 0x05, 0x05, 0x05, 0x05, 0x05, 0x05, 0x05, 0x05, 0x05, 0x05, 0x05, 0x05, 0x05, 0x05, 0x05, 0x05, 0x05, 0x05, 0x05, 0x05, 0x05, 0x05, 0x05, 0x05, 0x05, 0x05, 0x05, 0x05, 0x05, 0x05, 0x05, 0x05, 0x05, 0x05, 0x05, 0x05, 0x05, 0x05, 0x05, 0x05, 0x05, 0x05, 0x05, 0x05, 0x05, 0x05, 0x05, 0x05, 0x05, 0x05, 0x05, 0x05, 0x0a, 0x0a, 0x0a, 0x05, 0x05, 0x05, 0x05, 0x05, 0x05, 0x0a, 0x0a, 0x0f, 0x0f, 0x0f, 0x0a, 0x05, 0x05, 0x05, 0x05, 0x0a, 0x0f, 0x0f, 0x0a, 0x0a, 0x0a, 0x0a, 0x0a, 0x05, 0x05, 0x0a, 0x0f, 0x0f, 0x0a, 0x0a, 0x0a, 0x0a, 0x0a, 0x05, 0x05, 0x0a, 0x0f, 0x0f, 0x0f, 0x0a, 0x0a, 0x0a, 0x05, 0x05, 0x05, 0x05, 0x0a, 0x0f, 0x0f, 0x0f, 0x0f, 0x0f, 0x0f, 0x0a, 0x05, 0x05, 0x0a, 0x0f, 0x0f, 0x0f, 0x0a, 0x0a, 0x0f, 0x0f, 0x0a, 0x0a, 0x05, 0x0a, 0x0f, 0x0f, 0x0f, 0x0a, 0x0a, 0x0f, 0x0f, 0x0f, 0x0a, 0x05, 0x0a, 0x0f, 0x0f, 0x0f, 0x0a, 0x0a, 0x0f, 0x0f, 0x0f, 0x0a, 0x0a, 0x0a, 0x0f, 0x0f, 0x0f, 0x0a, 0x0a, 0x0f, 0x0f, 0x0f, 0x0a, 0x0a, 0x0a, 0x0f, 0x0f, 0x0f, 0x0a, 0x0a, 0x0f, 0x0f, 0x0f, 0x0a, 0x0a, 0x05, 0x0a, 0x0f, 0x0f, 0x0a, 0x0a, 0x0f, 0x0f, 0x0a, 0x0a, 0x0a, 0x05, 0x05, 0x0a, 0x0f, 0x0f, 0x0f, 0x0f, 0x0a, 0x0a, 0x0a, 0x05, 0x05, 0x05, 0x05, 0x0a, 0x0a, 0x0a, 0x0a, 0x0a, 0x0a, 0x05, 0x05, 0x05, 0x05, 0x05, 0x05, 0x0a, 0x0a, 0x0a, 0x0a, 0x05, 0x05, 0x05,};
        fontdata[65] = new byte[]{0x05, 0x05, 0x05, 0x05, 0x05, 0x05, 0x05, 0x05, 0x05, 0x05, 0x05, 0x05, 0x05, 0x05, 0x05, 0x05, 0x05, 0x05, 0x05, 0x05, 0x05, 0x05, 0x05, 0x05, 0x05, 0x05, 0x05, 0x05, 0x05, 0x05, 0x05, 0x05, 0x05, 0x05, 0x05, 0x05, 0x05, 0x05, 0x05, 0x05, 0x05, 0x05, 0x05, 0x05, 0x05, 0x05, 0x05, 0x05, 0x05, 0x05, 0x05, 0x05, 0x05, 0x05, 0x05, 0x05, 0x05, 0x05, 0x05, 0x05, 0x05, 0x05, 0x05, 0x05, 0x05, 0x05, 0x05, 0x05, 0x05, 0x05, 0x05, 0x05, 0x05, 0x05, 0x05, 0x0a, 0x05, 0x05, 0x05, 0x05, 0x05, 0x05, 0x05, 0x05, 0x05, 0x05, 0x05, 0x05, 0x05, 0x05, 0x05, 0x0a, 0x0f, 0x0a, 0x05, 0x05, 0x05, 0x05, 0x05, 0x05, 0x05, 0x05, 0x05, 0x05, 0x05, 0x05, 0x05, 0x05, 0x0a, 0x0f, 0x0f, 0x0a, 0x05, 0x05, 0x05, 0x05, 0x05, 0x05, 0x05, 0x05, 0x05, 0x05, 0x05, 0x05, 0x05, 0x0a, 0x0f, 0x0f, 0x0a, 0x0a, 0x05, 0x05, 0x05, 0x05, 0x05, 0x05, 0x05, 0x05, 0x05, 0x05, 0x05, 0x0a, 0x0f, 0x0f, 0x0f, 0x0f, 0x0a, 0x05, 0x05, 0x05, 0x05, 0x05, 0x05, 0x05, 0x05, 0x05, 0x05, 0x05, 0x0a, 0x0f, 0x0f, 0x0f, 0x0f, 0x0a, 0x0a, 0x05, 0x05, 0x05, 0x05, 0x05, 0x05, 0x05, 0x05, 0x05, 0x0a, 0x0f, 0x0a, 0x0f, 0x0f, 0x0f, 0x0f, 0x0a, 0x05, 0x05, 0x05, 0x05, 0x05, 0x05, 0x05, 0x05, 0x05, 0x0a, 0x0f, 0x0a, 0x0a, 0x0f, 0x0f, 0x0f, 0x0a, 0x0a, 0x05, 0x05, 0x05, 0x05, 0x05, 0x05, 0x05, 0x0a, 0x0f, 0x0a, 0x0a, 0x0a, 0x0f, 0x0f, 0x0f, 0x0f, 0x0a, 0x05, 0x05, 0x05, 0x05, 0x05, 0x05, 0x05, 0x0a, 0x0f, 0x0a, 0x0a, 0x0a, 0x0f, 0x0f, 0x0f, 0x0f, 0x0a, 0x0a, 0x05, 0x05, 0x05, 0x05, 0x05, 0x05, 0x0a, 0x0f, 0x0f, 0x0f, 0x0f, 0x0f, 0x0f, 0x0f, 0x0f, 0x0a, 0x0a, 0x05, 0x05, 0x05, 0x05, 0x05, 0x0a, 0x0f, 0x0a, 0x0a, 0x0a, 0x0a, 0x0a, 0x0f, 0x0f, 0x0f, 0x0f, 0x0a, 0x05, 0x05, 0x05, 0x05, 0x05, 0x0a, 0x0f, 0x0a, 0x0a, 0x0a, 0x0a, 0x0a, 0x0a, 0x0f, 0x0f, 0x0f, 0x0a, 0x0a, 0x05, 0x05, 0x05, 0x0a, 0x0f, 0x0f, 0x0a, 0x0a, 0x05, 0x05, 0x0a, 0x0a, 0x0f, 0x0f, 0x0f, 0x0f, 0x0a, 0x05, 0x05, 0x0a, 0x0f, 0x0f, 0x0f, 0x0f, 0x0a, 0x05, 0x0a, 0x0f, 0x0f, 0x0f, 0x0f, 0x0f, 0x0f, 0x0f, 0x0a, 0x05, 0x05, 0x0a, 0x0a, 0x0a, 0x0a, 0x0a, 0x0a, 0x05, 0x0a, 0x0a, 0x0a, 0x0a, 0x0a, 0x0a, 0x0a, 0x0a, 0x0a, 0x05, 0x05, 0x0a, 0x0a, 0x0a, 0x0a, 0x05, 0x05, 0x05, 0x0a, 0x0a, 0x0a, 0x0a, 0x0a, 0x0a, 0x0a, 0x05,};
        fontdata[218] = new byte[]{0x05, 0x05, 0x05, 0x0a, 0x0a, 0x05, 0x05, 0x0a, 0x0a, 0x05, 0x05, 0x05, 0x05, 0x05, 0x05, 0x0a, 0x0f, 0x0f, 0x0a, 0x0a, 0x0f, 0x0f, 0x0a, 0x05, 0x05, 0x05, 0x05, 0x05, 0x05, 0x0a, 0x0f, 0x0f, 0x0f, 0x0f, 0x0a, 0x0a, 0x0a, 0x05, 0x05, 0x05, 0x05, 0x05, 0x05, 0x0a, 0x0f, 0x0f, 0x0a, 0x0a, 0x0a, 0x05, 0x05, 0x05, 0x05, 0x05, 0x05, 0x0a, 0x0a, 0x0f, 0x0a, 0x0a, 0x0a, 0x0a, 0x05, 0x05, 0x05, 0x05, 0x05, 0x0a, 0x0f, 0x0f, 0x0f, 0x0f, 0x0f, 0x0a, 0x0f, 0x0a, 0x05, 0x05, 0x05, 0x0a, 0x0f, 0x0f, 0x0f, 0x0a, 0x0a, 0x0a, 0x0f, 0x0f, 0x0a, 0x0a, 0x05, 0x0a, 0x0f, 0x0f, 0x0f, 0x0a, 0x0a, 0x0a, 0x0a, 0x0a, 0x0f, 0x0a, 0x0a, 0x05, 0x0a, 0x0f, 0x0f, 0x0f, 0x0a, 0x0a, 0x05, 0x05, 0x0a, 0x0f, 0x0a, 0x0a, 0x05, 0x0a, 0x0f, 0x0f, 0x0f, 0x0f, 0x0a, 0x0a, 0x05, 0x05, 0x0a, 0x0a, 0x0a, 0x05, 0x0a, 0x0f, 0x0f, 0x0f, 0x0f, 0x0f, 0x0f, 0x0a, 0x0a, 0x05, 0x0a, 0x05, 0x05, 0x05, 0x0a, 0x0f, 0x0f, 0x0f, 0x0f, 0x0f, 0x0f, 0x0f, 0x0a, 0x05, 0x05, 0x05, 0x05, 0x05, 0x0a, 0x0a, 0x0f, 0x0f, 0x0f, 0x0f, 0x0f, 0x0f, 0x0a, 0x05, 0x05, 0x05, 0x0a, 0x05, 0x0a, 0x0a, 0x0a, 0x0f, 0x0f, 0x0f, 0x0f, 0x0f, 0x0a, 0x05, 0x0a, 0x0f, 0x0a, 0x05, 0x05, 0x0a, 0x0a, 0x0f, 0x0f, 0x0f, 0x0f, 0x0a, 0x0a, 0x0a, 0x0f, 0x0a, 0x0a, 0x05, 0x05, 0x05, 0x0a, 0x0f, 0x0f, 0x0f, 0x0a, 0x0a, 0x0a, 0x0f, 0x0f, 0x0a, 0x05, 0x05, 0x05, 0x0a, 0x0f, 0x0f, 0x0f, 0x0a, 0x0a, 0x0a, 0x0f, 0x0f, 0x0f, 0x0a, 0x0a, 0x0a, 0x0f, 0x0f, 0x0f, 0x0a, 0x0a, 0x0a, 0x0a, 0x0f, 0x0a, 0x0f, 0x0f, 0x0f, 0x0f, 0x0f, 0x0f, 0x0a, 0x0a, 0x0a, 0x05, 0x05, 0x0a, 0x0a, 0x0a, 0x0a, 0x0a, 0x0a, 0x0a, 0x0a, 0x0a, 0x0a, 0x05, 0x05, 0x05, 0x05, 0x0a, 0x05, 0x0a, 0x0a, 0x0a, 0x0a, 0x0a, 0x0a, 0x05, 0x05, 0x05,};
        fontdata[71] = new byte[]{0x05, 0x05, 0x05, 0x05, 0x05, 0x05, 0x05, 0x05, 0x05, 0x05, 0x05, 0x05, 0x05, 0x05, 0x05, 0x05, 0x05, 0x05, 0x05, 0x05, 0x05, 0x05, 0x05, 0x05, 0x05, 0x05, 0x05, 0x05, 0x05, 0x05, 0x05, 0x05, 0x05, 0x05, 0x05, 0x05, 0x05, 0x05, 0x05, 0x05, 0x05, 0x05, 0x05, 0x05, 0x05, 0x05, 0x05, 0x05, 0x05, 0x05, 0x05, 0x05, 0x05, 0x05, 0x05, 0x05, 0x05, 0x05, 0x05, 0x05, 0x05, 0x05, 0x05, 0x05, 0x05, 0x05, 0x05, 0x05, 0x05, 0x05, 0x05, 0x05, 0x05, 0x0a, 0x0a, 0x0a, 0x0a, 0x0a, 0x05, 0x05, 0x0a, 0x05, 0x05, 0x05, 0x05, 0x05, 0x05, 0x05, 0x0a, 0x0a, 0x0f, 0x0f, 0x0f, 0x0f, 0x0f, 0x0a, 0x0a, 0x0f, 0x0a, 0x05, 0x05, 0x05, 0x05, 0x05, 0x0a, 0x0f, 0x0f, 0x0f, 0x0f, 0x0a, 0x0a, 0x0a, 0x0f, 0x0f, 0x0f, 0x0a, 0x0a, 0x05, 0x05, 0x05, 0x0a, 0x0f, 0x0f, 0x0f, 0x0f, 0x0a, 0x0a, 0x0a, 0x0a, 0x0a, 0x0f, 0x0f, 0x0a, 0x0a, 0x05, 0x05, 0x05, 0x0a, 0x0f, 0x0f, 0x0f, 0x0a, 0x0a, 0x0a, 0x05, 0x05, 0x05, 0x0a, 0x0f, 0x0a, 0x0a, 0x05, 0x05, 0x0a, 0x0f, 0x0f, 0x0f, 0x0f, 0x0a, 0x0a, 0x05, 0x05, 0x05, 0x05, 0x0a, 0x0f, 0x0a, 0x0a, 0x05, 0x05, 0x0a, 0x0f, 0x0f, 0x0f, 0x0f, 0x0a, 0x0a, 0x05, 0x05, 0x05, 0x05, 0x05, 0x0a, 0x0a, 0x0a, 0x05, 0x05, 0x0a, 0x0f, 0x0f, 0x0f, 0x0f, 0x0a, 0x0a, 0x05, 0x05, 0x05, 0x05, 0x05, 0x05, 0x0a, 0x05, 0x05, 0x05, 0x0a, 0x0f, 0x0f, 0x0f, 0x0f, 0x0a, 0x0a, 0x05, 0x0a, 0x0a, 0x0a, 0x0a, 0x0a, 0x0a, 0x0a, 0x05, 0x05, 0x0a, 0x0f, 0x0f, 0x0f, 0x0f, 0x0a, 0x0a, 0x0a, 0x0f, 0x0f, 0x0f, 0x0f, 0x0f, 0x0f, 0x0f, 0x0a, 0x05, 0x0a, 0x0f, 0x0f, 0x0f, 0x0f, 0x0a, 0x0a, 0x05, 0x0a, 0x0a, 0x0f, 0x0f, 0x0f, 0x0a, 0x0a, 0x0a, 0x0a, 0x05, 0x0a, 0x0f, 0x0f, 0x0f, 0x0a, 0x0a, 0x05, 0x05, 0x0a, 0x0f, 0x0f, 0x0f, 0x0a, 0x0a, 0x0a, 0x05, 0x05, 0x0a, 0x0f, 0x0f, 0x0f, 0x0f, 0x0a, 0x05, 0x05, 0x0a, 0x0f, 0x0f, 0x0f, 0x0a, 0x0a, 0x05, 0x05, 0x05, 0x05, 0x0a, 0x0f, 0x0f, 0x0f, 0x0f, 0x0a, 0x0a, 0x0a, 0x0f, 0x0f, 0x0f, 0x0a, 0x0a, 0x05, 0x05, 0x05, 0x05, 0x05, 0x0a, 0x0a, 0x0f, 0x0f, 0x0f, 0x0f, 0x0f, 0x0f, 0x0a, 0x0a, 0x0a, 0x0a, 0x05, 0x05, 0x05, 0x05, 0x05, 0x05, 0x0a, 0x0a, 0x0a, 0x0a, 0x0a, 0x0a, 0x0a, 0x0a, 0x0a, 0x0a, 0x05, 0x05, 0x05, 0x05, 0x05, 0x05, 0x05, 0x05, 0x05, 0x0a, 0x0a, 0x0a, 0x0a, 0x0a, 0x0a, 0x05, 0x05, 0x05, 0x05, 0x05,};
        fontdata[43] = new byte[]{0x05, 0x05, 0x05, 0x05, 0x05, 0x05, 0x05, 0x05, 0x05, 0x05, 0x05, 0x05, 0x05, 0x05, 0x05, 0x05, 0x05, 0x05, 0x05, 0x05, 0x05, 0x05, 0x05, 0x05, 0x05, 0x05, 0x05, 0x05, 0x05, 0x05, 0x05, 0x05, 0x05, 0x05, 0x05, 0x05, 0x05, 0x05, 0x05, 0x05, 0x05, 0x05, 0x05, 0x05, 0x05, 0x05, 0x05, 0x05, 0x05, 0x05, 0x05, 0x05, 0x05, 0x05, 0x05, 0x05, 0x05, 0x05, 0x05, 0x05, 0x05, 0x05, 0x05, 0x05, 0x05, 0x05, 0x05, 0x05, 0x05, 0x05, 0x05, 0x05, 0x05, 0x05, 0x05, 0x05, 0x05, 0x05, 0x05, 0x05, 0x05, 0x05, 0x05, 0x05, 0x05, 0x05, 0x05, 0x05, 0x05, 0x05, 0x05, 0x05, 0x05, 0x05, 0x05, 0x05, 0x05, 0x05, 0x05, 0x05, 0x05, 0x05, 0x05, 0x0a, 0x0a, 0x05, 0x05, 0x05, 0x05, 0x05, 0x05, 0x05, 0x05, 0x0a, 0x0f, 0x0f, 0x0a, 0x05, 0x05, 0x05, 0x05, 0x05, 0x05, 0x05, 0x0a, 0x0f, 0x0f, 0x0a, 0x0a, 0x05, 0x05, 0x05, 0x05, 0x0a, 0x0a, 0x0a, 0x0f, 0x0f, 0x0a, 0x0a, 0x0a, 0x05, 0x05, 0x0a, 0x0f, 0x0f, 0x0f, 0x0f, 0x0f, 0x0f, 0x0f, 0x0f, 0x0a, 0x05, 0x0a, 0x0f, 0x0f, 0x0f, 0x0f, 0x0f, 0x0f, 0x0f, 0x0f, 0x0a, 0x0a, 0x05, 0x0a, 0x0a, 0x0a, 0x0f, 0x0f, 0x0a, 0x0a, 0x0a, 0x0a, 0x0a, 0x05, 0x05, 0x0a, 0x0a, 0x0f, 0x0f, 0x0a, 0x0a, 0x0a, 0x0a, 0x05, 0x05, 0x05, 0x05, 0x0a, 0x0f, 0x0f, 0x0a, 0x0a, 0x05, 0x05, 0x05, 0x05, 0x05, 0x05, 0x05, 0x0a, 0x0a, 0x0a, 0x0a, 0x05, 0x05, 0x05, 0x05, 0x05, 0x05, 0x05, 0x05, 0x0a, 0x0a, 0x05, 0x05, 0x05, 0x05, 0x05, 0x05, 0x05, 0x05, 0x05, 0x05, 0x05, 0x05, 0x05, 0x05, 0x05,};
        fontdata[78] = new byte[]{0x05, 0x05, 0x05, 0x05, 0x05, 0x05, 0x05, 0x05, 0x05, 0x05, 0x05, 0x05, 0x05, 0x05, 0x05, 0x05, 0x05, 0x05, 0x05, 0x05, 0x05, 0x05, 0x05, 0x05, 0x05, 0x05, 0x05, 0x05, 0x05, 0x05, 0x05, 0x05, 0x05, 0x05, 0x05, 0x05, 0x05, 0x05, 0x05, 0x05, 0x05, 0x05, 0x05, 0x05, 0x05, 0x05, 0x05, 0x05, 0x05, 0x05, 0x05, 0x05, 0x05, 0x05, 0x05, 0x05, 0x05, 0x05, 0x05, 0x05, 0x05, 0x05, 0x05, 0x05, 0x05, 0x05, 0x05, 0x05, 0x05, 0x05, 0x05, 0x05, 0x05, 0x0a, 0x0a, 0x0a, 0x0a, 0x0a, 0x05, 0x05, 0x05, 0x05, 0x05, 0x0a, 0x0a, 0x0a, 0x0a, 0x0a, 0x05, 0x05, 0x0a, 0x0f, 0x0f, 0x0f, 0x0f, 0x0f, 0x0a, 0x05, 0x05, 0x05, 0x0a, 0x0f, 0x0f, 0x0f, 0x0f, 0x0f, 0x0a, 0x05, 0x05, 0x0a, 0x0a, 0x0f, 0x0f, 0x0f, 0x0f, 0x0a, 0x05, 0x05, 0x05, 0x0a, 0x0a, 0x0f, 0x0a, 0x0a, 0x0a, 0x0a, 0x05, 0x05, 0x0a, 0x0f, 0x0f, 0x0f, 0x0f, 0x0f, 0x0a, 0x05, 0x05, 0x05, 0x0a, 0x0f, 0x0a, 0x0a, 0x0a, 0x05, 0x05, 0x05, 0x0a, 0x0f, 0x0f, 0x0f, 0x0f, 0x0f, 0x0f, 0x0a, 0x05, 0x05, 0x0a, 0x0f, 0x0a, 0x0a, 0x05, 0x05, 0x05, 0x05, 0x0a, 0x0f, 0x0a, 0x0f, 0x0f, 0x0f, 0x0f, 0x0a, 0x0a, 0x05, 0x0a, 0x0f, 0x0a, 0x0a, 0x05, 0x05, 0x05, 0x05, 0x0a, 0x0f, 0x0a, 0x0a, 0x0f, 0x0f, 0x0f, 0x0f, 0x0a, 0x05, 0x0a, 0x0f, 0x0a, 0x0a, 0x05, 0x05, 0x05, 0x05, 0x0a, 0x0f, 0x0a, 0x0a, 0x0a, 0x0f, 0x0f, 0x0f, 0x0f, 0x0a, 0x0a, 0x0f, 0x0a, 0x0a, 0x05, 0x05, 0x05, 0x05, 0x0a, 0x0f, 0x0a, 0x0a, 0x05, 0x0a, 0x0f, 0x0f, 0x0f, 0x0f, 0x0a, 0x0f, 0x0a, 0x0a, 0x05, 0x05, 0x05, 0x05, 0x0a, 0x0f, 0x0a, 0x0a, 0x05, 0x0a, 0x0f, 0x0f, 0x0f, 0x0f, 0x0f, 0x0f, 0x0a, 0x0a, 0x05, 0x05, 0x05, 0x05, 0x0a, 0x0f, 0x0a, 0x0a, 0x05, 0x05, 0x0a, 0x0f, 0x0f, 0x0f, 0x0f, 0x0f, 0x0a, 0x0a, 0x05, 0x05, 0x05, 0x05, 0x0a, 0x0f, 0x0a, 0x0a, 0x05, 0x05, 0x05, 0x0a, 0x0f, 0x0f, 0x0f, 0x0f, 0x0a, 0x0a, 0x05, 0x05, 0x05, 0x05, 0x0a, 0x0f, 0x0a, 0x0a, 0x05, 0x05, 0x05, 0x05, 0x0a, 0x0f, 0x0f, 0x0f, 0x0a, 0x0a, 0x05, 0x05, 0x05, 0x0a, 0x0a, 0x0f, 0x0a, 0x0a, 0x05, 0x05, 0x05, 0x05, 0x05, 0x0a, 0x0f, 0x0f, 0x0a, 0x0a, 0x05, 0x05, 0x0a, 0x0f, 0x0f, 0x0f, 0x0f, 0x0f, 0x0a, 0x05, 0x05, 0x05, 0x05, 0x05, 0x0a, 0x0f, 0x0a, 0x0a, 0x05, 0x05, 0x05, 0x0a, 0x0a, 0x0a, 0x0a, 0x0a, 0x0a, 0x0a, 0x05, 0x05, 0x05, 0x05, 0x05, 0x0a, 0x0a, 0x0a, 0x05, 0x05, 0x05, 0x05, 0x0a, 0x0a, 0x0a, 0x0a, 0x0a, 0x05, 0x05, 0x05, 0x05, 0x05, 0x05, 0x05, 0x0a, 0x05, 0x05, 0x05,};

        initFontData8();
    }

    private void initFontData8() {
        fontdata[208] = new byte[]{0x05, 0x05, 0x05, 0x05, 0x05, 0x05, 0x05, 0x05, 0x05, 0x05, 0x05, 0x05, 0x05, 0x05, 0x05, 0x05, 0x05, 0x05, 0x05, 0x05, 0x05, 0x05, 0x05, 0x05, 0x05, 0x05, 0x05, 0x05, 0x05, 0x05, 0x05, 0x05, 0x05, 0x05, 0x05, 0x05, 0x05, 0x05, 0x05, 0x05, 0x05, 0x05, 0x05, 0x05, 0x05, 0x05, 0x05, 0x05, 0x05, 0x05, 0x05, 0x0a, 0x0a, 0x05, 0x05, 0x0a, 0x0a, 0x05, 0x05, 0x05, 0x0a, 0x0f, 0x0f, 0x0a, 0x0a, 0x0f, 0x0f, 0x0a, 0x05, 0x05, 0x05, 0x0a, 0x0f, 0x0f, 0x0a, 0x0f, 0x0a, 0x0a, 0x0a, 0x05, 0x05, 0x0a, 0x0f, 0x0f, 0x0f, 0x0a, 0x0a, 0x0a, 0x05, 0x05, 0x05, 0x05, 0x0a, 0x0f, 0x0f, 0x0a, 0x0a, 0x05, 0x05, 0x05, 0x05, 0x05, 0x0a, 0x0f, 0x0a, 0x0a, 0x0a, 0x0a, 0x05, 0x05, 0x05, 0x0a, 0x0f, 0x0f, 0x0f, 0x0f, 0x0a, 0x0f, 0x0a, 0x05, 0x0a, 0x0f, 0x0f, 0x0f, 0x0a, 0x0a, 0x0f, 0x0f, 0x0a, 0x0a, 0x0a, 0x0f, 0x0f, 0x0f, 0x0a, 0x0a, 0x0a, 0x0f, 0x0a, 0x0a, 0x05, 0x0a, 0x0f, 0x0f, 0x0f, 0x0f, 0x0a, 0x0a, 0x0a, 0x0a, 0x05, 0x0a, 0x0a, 0x0a, 0x0f, 0x0f, 0x0f, 0x0f, 0x0a, 0x05, 0x0a, 0x0f, 0x0a, 0x0a, 0x0a, 0x0a, 0x0f, 0x0f, 0x0a, 0x0a, 0x0a, 0x0f, 0x0f, 0x0a, 0x0a, 0x0a, 0x0f, 0x0f, 0x0a, 0x0a, 0x0a, 0x0f, 0x0a, 0x0f, 0x0f, 0x0f, 0x0f, 0x0a, 0x0a, 0x0a, 0x05, 0x0a, 0x0a, 0x0a, 0x0a, 0x0a, 0x0a, 0x0a, 0x0a, 0x05, 0x05, 0x05, 0x0a, 0x05, 0x0a, 0x0a, 0x0a, 0x0a, 0x05, 0x05,};
        fontdata[45] = new byte[]{0x05, 0x05, 0x05, 0x05, 0x05, 0x05, 0x05, 0x05, 0x05, 0x05, 0x05, 0x05, 0x05, 0x05, 0x05, 0x05, 0x05, 0x05, 0x05, 0x05, 0x05, 0x05, 0x05, 0x05, 0x05, 0x05, 0x05, 0x05, 0x05, 0x05, 0x05, 0x05, 0x05, 0x05, 0x05, 0x05, 0x05, 0x05, 0x05, 0x05, 0x05, 0x05, 0x05, 0x05, 0x05, 0x05, 0x05, 0x05, 0x05, 0x05, 0x05, 0x05, 0x05, 0x05, 0x05, 0x05, 0x05, 0x05, 0x05, 0x05, 0x05, 0x05, 0x05, 0x05, 0x05, 0x05, 0x05, 0x05, 0x05, 0x05, 0x05, 0x05, 0x05, 0x05, 0x05, 0x05, 0x05, 0x05, 0x05, 0x05, 0x05, 0x05, 0x05, 0x05, 0x05, 0x05, 0x05, 0x05, 0x05, 0x05, 0x05, 0x05, 0x05, 0x05, 0x05, 0x05, 0x05, 0x0a, 0x0a, 0x0a, 0x0a, 0x0a, 0x05, 0x05, 0x0a, 0x0f, 0x0f, 0x0f, 0x0f, 0x0f, 0x0a, 0x05, 0x0a, 0x0f, 0x0f, 0x0f, 0x0f, 0x0f, 0x0a, 0x0a, 0x0a, 0x0f, 0x0f, 0x0f, 0x0f, 0x0f, 0x0a, 0x0a, 0x05, 0x0a, 0x0a, 0x0a, 0x0a, 0x0a, 0x0a, 0x0a, 0x05, 0x05, 0x0a, 0x0a, 0x0a, 0x0a, 0x0a, 0x05, 0x05, 0x05, 0x05, 0x05, 0x05, 0x05, 0x05, 0x05, 0x05, 0x05, 0x05, 0x05, 0x05, 0x05, 0x05, 0x05, 0x05, 0x05, 0x05, 0x05, 0x05, 0x05, 0x05, 0x05,};
        fontdata[82] = new byte[]{0x05, 0x05, 0x05, 0x05, 0x05, 0x05, 0x05, 0x05, 0x05, 0x05, 0x05, 0x05, 0x05, 0x05, 0x05, 0x05, 0x05, 0x05, 0x05, 0x05, 0x05, 0x05, 0x05, 0x05, 0x05, 0x05, 0x05, 0x05, 0x05, 0x05, 0x05, 0x05, 0x05, 0x05, 0x05, 0x05, 0x05, 0x05, 0x05, 0x05, 0x05, 0x05, 0x05, 0x05, 0x05, 0x05, 0x05, 0x05, 0x05, 0x05, 0x05, 0x05, 0x05, 0x05, 0x05, 0x05, 0x05, 0x05, 0x05, 0x05, 0x05, 0x05, 0x05, 0x05, 0x05, 0x05, 0x05, 0x05, 0x05, 0x05, 0x05, 0x05, 0x05, 0x0a, 0x0a, 0x0a, 0x0a, 0x0a, 0x0a, 0x0a, 0x0a, 0x0a, 0x0a, 0x0a, 0x05, 0x05, 0x05, 0x05, 0x05, 0x05, 0x0a, 0x0f, 0x0f, 0x0f, 0x0f, 0x0f, 0x0f, 0x0f, 0x0f, 0x0f, 0x0f, 0x0f, 0x0a, 0x05, 0x05, 0x05, 0x05, 0x05, 0x05, 0x0a, 0x0a, 0x0f, 0x0f, 0x0f, 0x0a, 0x0a, 0x0a, 0x0f, 0x0f, 0x0f, 0x0f, 0x0a, 0x05, 0x05, 0x05, 0x05, 0x05, 0x05, 0x0a, 0x0f, 0x0f, 0x0f, 0x0a, 0x0a, 0x0a, 0x0a, 0x0f, 0x0f, 0x0f, 0x0f, 0x0a, 0x05, 0x05, 0x05, 0x05, 0x05, 0x0a, 0x0f, 0x0f, 0x0f, 0x0a, 0x0a, 0x05, 0x0a, 0x0f, 0x0f, 0x0f, 0x0f, 0x0a, 0x0a, 0x05, 0x05, 0x05, 0x05, 0x0a, 0x0f, 0x0f, 0x0f, 0x0a, 0x0a, 0x05, 0x0a, 0x0f, 0x0f, 0x0f, 0x0f, 0x0a, 0x0a, 0x05, 0x05, 0x05, 0x05, 0x0a, 0x0f, 0x0f, 0x0f, 0x0a, 0x0a, 0x05, 0x0a, 0x0f, 0x0f, 0x0f, 0x0a, 0x0a, 0x0a, 0x05, 0x05, 0x05, 0x05, 0x0a, 0x0f, 0x0f, 0x0f, 0x0a, 0x0a, 0x0a, 0x0f, 0x0f, 0x0f, 0x0a, 0x0a, 0x0a, 0x05, 0x05, 0x05, 0x05, 0x05, 0x0a, 0x0f, 0x0f, 0x0f, 0x0f, 0x0f, 0x0f, 0x0f, 0x0f, 0x0a, 0x0a, 0x0a, 0x05, 0x05, 0x05, 0x05, 0x05, 0x05, 0x0a, 0x0f, 0x0f, 0x0f, 0x0a, 0x0f, 0x0f, 0x0f, 0x0f, 0x0a, 0x0a, 0x05, 0x05, 0x05, 0x05, 0x05, 0x05, 0x05, 0x0a, 0x0f, 0x0f, 0x0f, 0x0a, 0x0a, 0x0f, 0x0f, 0x0f, 0x0f, 0x0a, 0x05, 0x05, 0x05, 0x05, 0x05, 0x05, 0x05, 0x0a, 0x0f, 0x0f, 0x0f, 0x0a, 0x0a, 0x0a, 0x0f, 0x0f, 0x0f, 0x0f, 0x0a, 0x05, 0x05, 0x05, 0x05, 0x05, 0x05, 0x0a, 0x0f, 0x0f, 0x0f, 0x0a, 0x0a, 0x0a, 0x0f, 0x0f, 0x0f, 0x0f, 0x0f, 0x0a, 0x05, 0x05, 0x05, 0x05, 0x0a, 0x0a, 0x0f, 0x0f, 0x0f, 0x0a, 0x0a, 0x05, 0x0a, 0x0f, 0x0f, 0x0f, 0x0f, 0x0a, 0x0a, 0x05, 0x05, 0x0a, 0x0f, 0x0f, 0x0f, 0x0f, 0x0f, 0x0f, 0x0f, 0x0a, 0x05, 0x0a, 0x0f, 0x0f, 0x0f, 0x0f, 0x0f, 0x0a, 0x05, 0x05, 0x0a, 0x0a, 0x0a, 0x0a, 0x0a, 0x0a, 0x0a, 0x0a, 0x0a, 0x05, 0x0a, 0x0a, 0x0a, 0x0a, 0x0a, 0x0a, 0x0a, 0x05, 0x05, 0x0a, 0x0a, 0x0a, 0x0a, 0x0a, 0x0a, 0x0a, 0x05, 0x05, 0x05, 0x0a, 0x0a, 0x0a, 0x0a, 0x0a, 0x05,};
        fontdata[33] = new byte[]{0x05, 0x05, 0x05, 0x05, 0x05, 0x05, 0x05, 0x05, 0x05, 0x05, 0x05, 0x05, 0x05, 0x05, 0x05, 0x05, 0x05, 0x05, 0x05, 0x05, 0x05, 0x05, 0x05, 0x05, 0x05, 0x05, 0x05, 0x05, 0x05, 0x05, 0x05, 0x05, 0x05, 0x05, 0x05, 0x05, 0x05, 0x0a, 0x0a, 0x0a, 0x05, 0x05, 0x0a, 0x0f, 0x0f, 0x0f, 0x0a, 0x05, 0x0a, 0x0f, 0x0f, 0x0f, 0x0a, 0x0a, 0x0a, 0x0f, 0x0f, 0x0f, 0x0a, 0x0a, 0x0a, 0x0f, 0x0f, 0x0f, 0x0a, 0x0a, 0x05, 0x0a, 0x0f, 0x0a, 0x0a, 0x0a, 0x05, 0x0a, 0x0f, 0x0a, 0x0a, 0x05, 0x05, 0x0a, 0x0f, 0x0a, 0x0a, 0x05, 0x05, 0x0a, 0x0f, 0x0a, 0x0a, 0x05, 0x05, 0x0a, 0x0a, 0x0a, 0x0a, 0x05, 0x0a, 0x0f, 0x0f, 0x0f, 0x0a, 0x05, 0x0a, 0x0f, 0x0f, 0x0f, 0x0a, 0x0a, 0x0a, 0x0f, 0x0f, 0x0f, 0x0a, 0x0a, 0x05, 0x0a, 0x0a, 0x0a, 0x0a, 0x0a, 0x05, 0x05, 0x0a, 0x0a, 0x0a, 0x05,};
        fontdata[90] = new byte[]{0x05, 0x05, 0x05, 0x05, 0x05, 0x05, 0x05, 0x05, 0x05, 0x05, 0x05, 0x05, 0x05, 0x05, 0x05, 0x05, 0x05, 0x05, 0x05, 0x05, 0x05, 0x05, 0x05, 0x05, 0x05, 0x05, 0x05, 0x05, 0x05, 0x05, 0x05, 0x05, 0x05, 0x05, 0x05, 0x05, 0x05, 0x05, 0x05, 0x05, 0x05, 0x05, 0x05, 0x05, 0x05, 0x05, 0x05, 0x05, 0x05, 0x05, 0x05, 0x05, 0x05, 0x05, 0x05, 0x05, 0x05, 0x05, 0x05, 0x05, 0x05, 0x05, 0x0a, 0x0a, 0x0a, 0x0a, 0x0a, 0x0a, 0x0a, 0x0a, 0x0a, 0x0a, 0x05, 0x05, 0x05, 0x05, 0x0a, 0x0f, 0x0f, 0x0f, 0x0f, 0x0f, 0x0f, 0x0f, 0x0f, 0x0f, 0x0f, 0x0a, 0x05, 0x05, 0x05, 0x0a, 0x0f, 0x0f, 0x0f, 0x0a, 0x0a, 0x0a, 0x0f, 0x0f, 0x0f, 0x0f, 0x0a, 0x0a, 0x05, 0x05, 0x0a, 0x0f, 0x0a, 0x0a, 0x0a, 0x0a, 0x0a, 0x0f, 0x0f, 0x0f, 0x0a, 0x0a, 0x0a, 0x05, 0x05, 0x0a, 0x0f, 0x0a, 0x0a, 0x0a, 0x0a, 0x0f, 0x0f, 0x0f, 0x0f, 0x0a, 0x0a, 0x05, 0x05, 0x0a, 0x0f, 0x0a, 0x0a, 0x0a, 0x05, 0x0a, 0x0f, 0x0f, 0x0f, 0x0a, 0x0a, 0x0a, 0x05, 0x05, 0x05, 0x0a, 0x0a, 0x0a, 0x05, 0x0a, 0x0f, 0x0f, 0x0f, 0x0a, 0x0a, 0x0a, 0x05, 0x05, 0x05, 0x05, 0x05, 0x0a, 0x05, 0x0a, 0x0f, 0x0f, 0x0f, 0x0f, 0x0a, 0x0a, 0x05, 0x05, 0x05, 0x05, 0x05, 0x05, 0x05, 0x05, 0x0a, 0x0f, 0x0f, 0x0f, 0x0a, 0x0a, 0x0a, 0x05, 0x05, 0x05, 0x05, 0x05, 0x05, 0x05, 0x0a, 0x0f, 0x0f, 0x0f, 0x0f, 0x0a, 0x0a, 0x05, 0x05, 0x0a, 0x05, 0x05, 0x05, 0x05, 0x0a, 0x0f, 0x0f, 0x0f, 0x0f, 0x0a, 0x0a, 0x0a, 0x05, 0x0a, 0x0f, 0x0a, 0x05, 0x05, 0x05, 0x0a, 0x0f, 0x0f, 0x0f, 0x0a, 0x0a, 0x0a, 0x05, 0x05, 0x0a, 0x0f, 0x0a, 0x0a, 0x05, 0x0a, 0x0f, 0x0f, 0x0f, 0x0f, 0x0a, 0x0a, 0x05, 0x05, 0x0a, 0x0f, 0x0f, 0x0a, 0x0a, 0x05, 0x0a, 0x0f, 0x0f, 0x0f, 0x0a, 0x0a, 0x0a, 0x0a, 0x0a, 0x0f, 0x0f, 0x0f, 0x0a, 0x0a, 0x0a, 0x0f, 0x0f, 0x0f, 0x0f, 0x0f, 0x0f, 0x0f, 0x0f, 0x0f, 0x0f, 0x0f, 0x0f, 0x0a, 0x0a, 0x05, 0x0a, 0x0a, 0x0a, 0x0a, 0x0a, 0x0a, 0x0a, 0x0a, 0x0a, 0x0a, 0x0a, 0x0a, 0x0a, 0x0a, 0x05, 0x05, 0x0a, 0x0a, 0x0a, 0x0a, 0x0a, 0x0a, 0x0a, 0x0a, 0x0a, 0x0a, 0x0a, 0x0a, 0x05,};
        fontdata[76] = new byte[]{0x05, 0x05, 0x05, 0x05, 0x05, 0x05, 0x05, 0x05, 0x05, 0x05, 0x05, 0x05, 0x05, 0x05, 0x05, 0x05, 0x05, 0x05, 0x05, 0x05, 0x05, 0x05, 0x05, 0x05, 0x05, 0x05, 0x05, 0x05, 0x05, 0x05, 0x05, 0x05, 0x05, 0x05, 0x05, 0x05, 0x05, 0x05, 0x05, 0x05, 0x05, 0x05, 0x05, 0x05, 0x05, 0x05, 0x05, 0x05, 0x05, 0x05, 0x05, 0x05, 0x05, 0x05, 0x05, 0x05, 0x05, 0x05, 0x05, 0x05, 0x05, 0x0a, 0x0a, 0x0a, 0x0a, 0x0a, 0x0a, 0x0a, 0x05, 0x05, 0x05, 0x05, 0x05, 0x05, 0x05, 0x0a, 0x0f, 0x0f, 0x0f, 0x0f, 0x0f, 0x0f, 0x0f, 0x0a, 0x05, 0x05, 0x05, 0x05, 0x05, 0x05, 0x05, 0x0a, 0x0a, 0x0f, 0x0f, 0x0f, 0x0a, 0x0a, 0x0a, 0x0a, 0x05, 0x05, 0x05, 0x05, 0x05, 0x05, 0x05, 0x0a, 0x0f, 0x0f, 0x0f, 0x0a, 0x0a, 0x0a, 0x05, 0x05, 0x05, 0x05, 0x05, 0x05, 0x05, 0x05, 0x0a, 0x0f, 0x0f, 0x0f, 0x0a, 0x0a, 0x05, 0x05, 0x05, 0x05, 0x05, 0x05, 0x05, 0x05, 0x05, 0x0a, 0x0f, 0x0f, 0x0f, 0x0a, 0x0a, 0x05, 0x05, 0x05, 0x05, 0x05, 0x05, 0x05, 0x05, 0x05, 0x0a, 0x0f, 0x0f, 0x0f, 0x0a, 0x0a, 0x05, 0x05, 0x05, 0x05, 0x05, 0x05, 0x05, 0x05, 0x05, 0x0a, 0x0f, 0x0f, 0x0f, 0x0a, 0x0a, 0x05, 0x05, 0x05, 0x05, 0x05, 0x05, 0x05, 0x05, 0x05, 0x0a, 0x0f, 0x0f, 0x0f, 0x0a, 0x0a, 0x05, 0x05, 0x05, 0x05, 0x05, 0x05, 0x05, 0x05, 0x05, 0x0a, 0x0f, 0x0f, 0x0f, 0x0a, 0x0a, 0x05, 0x05, 0x05, 0x05, 0x0a, 0x05, 0x05, 0x05, 0x05, 0x0a, 0x0f, 0x0f, 0x0f, 0x0a, 0x0a, 0x05, 0x05, 0x05, 0x0a, 0x0f, 0x0a, 0x05, 0x05, 0x05, 0x0a, 0x0f, 0x0f, 0x0f, 0x0a, 0x0a, 0x05, 0x05, 0x05, 0x0a, 0x0f, 0x0a, 0x0a, 0x05, 0x05, 0x0a, 0x0f, 0x0f, 0x0f, 0x0a, 0x0a, 0x05, 0x05, 0x0a, 0x0a, 0x0f, 0x0a, 0x0a, 0x05, 0x0a, 0x0a, 0x0f, 0x0f, 0x0f, 0x0a, 0x0a, 0x0a, 0x0a, 0x0f, 0x0f, 0x0f, 0x0a, 0x0a, 0x0a, 0x0f, 0x0f, 0x0f, 0x0f, 0x0f, 0x0f, 0x0f, 0x0f, 0x0f, 0x0f, 0x0f, 0x0f, 0x0a, 0x0a, 0x0a, 0x0a, 0x0a, 0x0a, 0x0a, 0x0a, 0x0a, 0x0a, 0x0a, 0x0a, 0x0a, 0x0a, 0x0a, 0x0a, 0x0a, 0x05, 0x05, 0x0a, 0x0a, 0x0a, 0x0a, 0x0a, 0x0a, 0x0a, 0x0a, 0x0a, 0x0a, 0x0a, 0x0a, 0x05,};
        fontdata[80] = new byte[]{0x05, 0x05, 0x05, 0x05, 0x05, 0x05, 0x05, 0x05, 0x05, 0x05, 0x05, 0x05, 0x05, 0x05, 0x05, 0x05, 0x05, 0x05, 0x05, 0x05, 0x05, 0x05, 0x05, 0x05, 0x05, 0x05, 0x05, 0x05, 0x05, 0x05, 0x05, 0x05, 0x05, 0x05, 0x05, 0x05, 0x05, 0x05, 0x05, 0x05, 0x05, 0x05, 0x05, 0x05, 0x05, 0x05, 0x05, 0x05, 0x05, 0x05, 0x05, 0x05, 0x05, 0x05, 0x05, 0x05, 0x05, 0x0a, 0x0a, 0x0a, 0x0a, 0x0a, 0x0a, 0x0a, 0x0a, 0x0a, 0x05, 0x05, 0x05, 0x05, 0x0a, 0x0f, 0x0f, 0x0f, 0x0f, 0x0f, 0x0f, 0x0f, 0x0f, 0x0f, 0x0a, 0x05, 0x05, 0x05, 0x05, 0x0a, 0x0a, 0x0f, 0x0f, 0x0f, 0x0a, 0x0a, 0x0f, 0x0f, 0x0f, 0x0a, 0x05, 0x05, 0x05, 0x05, 0x0a, 0x0f, 0x0f, 0x0f, 0x0a, 0x0a, 0x0f, 0x0f, 0x0f, 0x0f, 0x0a, 0x05, 0x05, 0x05, 0x0a, 0x0f, 0x0f, 0x0f, 0x0a, 0x0a, 0x0f, 0x0f, 0x0f, 0x0f, 0x0a, 0x0a, 0x05, 0x05, 0x0a, 0x0f, 0x0f, 0x0f, 0x0a, 0x0a, 0x0f, 0x0f, 0x0f, 0x0f, 0x0a, 0x0a, 0x05, 0x05, 0x0a, 0x0f, 0x0f, 0x0f, 0x0a, 0x0a, 0x0f, 0x0f, 0x0f, 0x0f, 0x0a, 0x0a, 0x05, 0x05, 0x0a, 0x0f, 0x0f, 0x0f, 0x0a, 0x0f, 0x0f, 0x0f, 0x0f, 0x0a, 0x0a, 0x0a, 0x05, 0x05, 0x0a, 0x0f, 0x0f, 0x0f, 0x0f, 0x0f, 0x0f, 0x0f, 0x0a, 0x0a, 0x0a, 0x05, 0x05, 0x05, 0x0a, 0x0f, 0x0f, 0x0f, 0x0a, 0x0a, 0x0a, 0x0a, 0x0a, 0x0a, 0x05, 0x05, 0x05, 0x05, 0x0a, 0x0f, 0x0f, 0x0f, 0x0a, 0x0a, 0x0a, 0x0a, 0x0a, 0x05, 0x05, 0x05, 0x05, 0x05, 0x0a, 0x0f, 0x0f, 0x0f, 0x0a, 0x0a, 0x05, 0x05, 0x05, 0x05, 0x05, 0x05, 0x05, 0x05, 0x0a, 0x0f, 0x0f, 0x0f, 0x0a, 0x0a, 0x05, 0x05, 0x05, 0x05, 0x05, 0x05, 0x05, 0x0a, 0x0a, 0x0f, 0x0f, 0x0f, 0x0a, 0x0a, 0x05, 0x05, 0x05, 0x05, 0x05, 0x05, 0x0a, 0x0f, 0x0f, 0x0f, 0x0f, 0x0f, 0x0f, 0x0a, 0x05, 0x05, 0x05, 0x05, 0x05, 0x05, 0x05, 0x0a, 0x0a, 0x0a, 0x0a, 0x0a, 0x0a, 0x0a, 0x0a, 0x05, 0x05, 0x05, 0x05, 0x05, 0x05, 0x05, 0x0a, 0x0a, 0x0a, 0x0a, 0x0a, 0x0a, 0x05, 0x05, 0x05, 0x05, 0x05, 0x05,};
        fontdata[46] = new byte[]{0x05, 0x05, 0x05, 0x05, 0x05, 0x05, 0x05, 0x05, 0x05, 0x05, 0x05, 0x05, 0x05, 0x05, 0x05, 0x05, 0x05, 0x05, 0x05, 0x05, 0x05, 0x05, 0x05, 0x05, 0x05, 0x05, 0x05, 0x05, 0x05, 0x05, 0x05, 0x05, 0x05, 0x05, 0x05, 0x05, 0x05, 0x05, 0x05, 0x05, 0x05, 0x05, 0x05, 0x05, 0x05, 0x05, 0x05, 0x05, 0x05, 0x05, 0x05, 0x05, 0x05, 0x05, 0x05, 0x05, 0x05, 0x05, 0x05, 0x05, 0x05, 0x05, 0x05, 0x05, 0x05, 0x05, 0x05, 0x05, 0x05, 0x05, 0x05, 0x05, 0x05, 0x05, 0x05, 0x05, 0x05, 0x05, 0x05, 0x05, 0x05, 0x05, 0x05, 0x05, 0x05, 0x05, 0x05, 0x05, 0x05, 0x05, 0x05, 0x0a, 0x0a, 0x0a, 0x05, 0x05, 0x0a, 0x0f, 0x0f, 0x0f, 0x0a, 0x05, 0x0a, 0x0f, 0x0f, 0x0f, 0x0a, 0x0a, 0x0a, 0x0f, 0x0f, 0x0f, 0x0a, 0x0a, 0x05, 0x0a, 0x0a, 0x0a, 0x0a, 0x0a, 0x05, 0x05, 0x0a, 0x0a, 0x0a, 0x05,};
        fontdata[58] = new byte[]{0x05, 0x05, 0x05, 0x05, 0x05, 0x05, 0x05, 0x05, 0x05, 0x05, 0x05, 0x05, 0x05, 0x05, 0x05, 0x05, 0x05, 0x05, 0x05, 0x05, 0x05, 0x05, 0x05, 0x05, 0x05, 0x05, 0x05, 0x05, 0x05, 0x05, 0x05, 0x05, 0x05, 0x05, 0x05, 0x05, 0x05, 0x05, 0x05, 0x05, 0x05, 0x05, 0x05, 0x05, 0x05, 0x05, 0x05, 0x05, 0x05, 0x05, 0x05, 0x05, 0x05, 0x05, 0x05, 0x05, 0x05, 0x05, 0x05, 0x05, 0x05, 0x0a, 0x0a, 0x0a, 0x05, 0x05, 0x0a, 0x0f, 0x0f, 0x0f, 0x0a, 0x05, 0x0a, 0x0f, 0x0f, 0x0f, 0x0a, 0x0a, 0x0a, 0x0f, 0x0f, 0x0f, 0x0a, 0x0a, 0x05, 0x0a, 0x0a, 0x0a, 0x0a, 0x0a, 0x05, 0x0a, 0x0a, 0x0a, 0x0a, 0x05, 0x0a, 0x0f, 0x0f, 0x0f, 0x0a, 0x05, 0x0a, 0x0f, 0x0f, 0x0f, 0x0a, 0x0a, 0x0a, 0x0f, 0x0f, 0x0f, 0x0a, 0x0a, 0x05, 0x0a, 0x0a, 0x0a, 0x0a, 0x0a, 0x05, 0x05, 0x0a, 0x0a, 0x0a, 0x05,};
        fontdata[84] = new byte[]{0x05, 0x05, 0x05, 0x05, 0x05, 0x05, 0x05, 0x05, 0x05, 0x05, 0x05, 0x05, 0x05, 0x05, 0x05, 0x05, 0x05, 0x05, 0x05, 0x05, 0x05, 0x05, 0x05, 0x05, 0x05, 0x05, 0x05, 0x05, 0x05, 0x05, 0x05, 0x05, 0x05, 0x05, 0x05, 0x05, 0x05, 0x05, 0x05, 0x05, 0x05, 0x05, 0x05, 0x05, 0x05, 0x05, 0x05, 0x05, 0x05, 0x05, 0x05, 0x05, 0x05, 0x05, 0x05, 0x05, 0x05, 0x0a, 0x0a, 0x0a, 0x0a, 0x0a, 0x0a, 0x0a, 0x0a, 0x0a, 0x0a, 0x0a, 0x05, 0x05, 0x0a, 0x0f, 0x0f, 0x0f, 0x0f, 0x0f, 0x0f, 0x0f, 0x0f, 0x0f, 0x0f, 0x0f, 0x0a, 0x05, 0x0a, 0x0f, 0x0f, 0x0a, 0x0a, 0x0f, 0x0f, 0x0f, 0x0a, 0x0a, 0x0f, 0x0f, 0x0a, 0x0a, 0x0a, 0x0f, 0x0a, 0x0a, 0x0a, 0x0f, 0x0f, 0x0f, 0x0a, 0x0a, 0x0a, 0x0f, 0x0a, 0x0a, 0x0a, 0x0f, 0x0a, 0x0a, 0x0a, 0x0f, 0x0f, 0x0f, 0x0a, 0x0a, 0x0a, 0x0f, 0x0a, 0x0a, 0x0a, 0x0f, 0x0a, 0x0a, 0x0a, 0x0f, 0x0f, 0x0f, 0x0a, 0x0a, 0x0a, 0x0f, 0x0a, 0x0a, 0x05, 0x0a, 0x0a, 0x0a, 0x0a, 0x0f, 0x0f, 0x0f, 0x0a, 0x0a, 0x05, 0x0a, 0x0a, 0x0a, 0x05, 0x05, 0x0a, 0x05, 0x0a, 0x0f, 0x0f, 0x0f, 0x0a, 0x0a, 0x05, 0x05, 0x0a, 0x05, 0x05, 0x05, 0x05, 0x05, 0x0a, 0x0f, 0x0f, 0x0f, 0x0a, 0x0a, 0x05, 0x05, 0x05, 0x05, 0x05, 0x05, 0x05, 0x05, 0x0a, 0x0f, 0x0f, 0x0f, 0x0a, 0x0a, 0x05, 0x05, 0x05, 0x05, 0x05, 0x05, 0x05, 0x05, 0x0a, 0x0f, 0x0f, 0x0f, 0x0a, 0x0a, 0x05, 0x05, 0x05, 0x05, 0x05, 0x05, 0x05, 0x05, 0x0a, 0x0f, 0x0f, 0x0f, 0x0a, 0x0a, 0x05, 0x05, 0x05, 0x05, 0x05, 0x05, 0x05, 0x05, 0x0a, 0x0f, 0x0f, 0x0f, 0x0a, 0x0a, 0x05, 0x05, 0x05, 0x05, 0x05, 0x05, 0x05, 0x0a, 0x0a, 0x0f, 0x0f, 0x0f, 0x0a, 0x0a, 0x05, 0x05, 0x05, 0x05, 0x05, 0x05, 0x0a, 0x0f, 0x0f, 0x0f, 0x0f, 0x0f, 0x0f, 0x0f, 0x0a, 0x05, 0x05, 0x05, 0x05, 0x05, 0x05, 0x0a, 0x0a, 0x0a, 0x0a, 0x0a, 0x0a, 0x0a, 0x0a, 0x0a, 0x05, 0x05, 0x05, 0x05, 0x05, 0x05, 0x0a, 0x0a, 0x0a, 0x0a, 0x0a, 0x0a, 0x0a, 0x05, 0x05, 0x05,};
        fontdata[49] = new byte[]{0x05, 0x05, 0x05, 0x05, 0x05, 0x05, 0x05, 0x05, 0x05, 0x05, 0x05, 0x05, 0x05, 0x05, 0x05, 0x05, 0x05, 0x05, 0x05, 0x05, 0x05, 0x05, 0x05, 0x05, 0x05, 0x05, 0x05, 0x05, 0x05, 0x05, 0x05, 0x05, 0x05, 0x05, 0x05, 0x05, 0x05, 0x05, 0x05, 0x05, 0x05, 0x05, 0x05, 0x05, 0x05, 0x05, 0x05, 0x05, 0x05, 0x05, 0x05, 0x05, 0x05, 0x05, 0x05, 0x05, 0x05, 0x05, 0x05, 0x05, 0x05, 0x05, 0x05, 0x05, 0x0a, 0x0a, 0x05, 0x05, 0x05, 0x05, 0x05, 0x05, 0x0a, 0x0a, 0x0f, 0x0f, 0x0a, 0x05, 0x05, 0x05, 0x05, 0x0a, 0x0f, 0x0f, 0x0f, 0x0f, 0x0a, 0x0a, 0x05, 0x05, 0x0a, 0x0f, 0x0a, 0x0f, 0x0f, 0x0f, 0x0a, 0x0a, 0x05, 0x05, 0x05, 0x0a, 0x0a, 0x0f, 0x0f, 0x0f, 0x0a, 0x0a, 0x05, 0x05, 0x05, 0x05, 0x0a, 0x0f, 0x0f, 0x0f, 0x0a, 0x0a, 0x05, 0x05, 0x05, 0x05, 0x0a, 0x0f, 0x0f, 0x0f, 0x0a, 0x0a, 0x05, 0x05, 0x05, 0x05, 0x0a, 0x0f, 0x0f, 0x0f, 0x0a, 0x0a, 0x05, 0x05, 0x05, 0x05, 0x0a, 0x0f, 0x0f, 0x0f, 0x0a, 0x0a, 0x05, 0x05, 0x05, 0x05, 0x0a, 0x0f, 0x0f, 0x0f, 0x0a, 0x0a, 0x05, 0x05, 0x05, 0x05, 0x0a, 0x0f, 0x0f, 0x0f, 0x0a, 0x0a, 0x05, 0x05, 0x05, 0x0a, 0x0a, 0x0f, 0x0f, 0x0f, 0x0a, 0x0a, 0x05, 0x05, 0x0a, 0x0f, 0x0f, 0x0f, 0x0f, 0x0f, 0x0f, 0x0f, 0x0a, 0x05, 0x05, 0x0a, 0x0a, 0x0a, 0x0a, 0x0a, 0x0a, 0x0a, 0x0a, 0x0a, 0x05, 0x05, 0x0a, 0x0a, 0x0a, 0x0a, 0x0a, 0x0a, 0x0a, 0x05,};
        fontdata[100] = new byte[]{0x05, 0x05, 0x05, 0x05, 0x05, 0x05, 0x05, 0x05, 0x05, 0x05, 0x05, 0x05, 0x05, 0x05, 0x05, 0x05, 0x05, 0x05, 0x05, 0x05, 0x05, 0x05, 0x05, 0x05, 0x05, 0x05, 0x05, 0x05, 0x05, 0x05, 0x05, 0x05, 0x05, 0x05, 0x05, 0x05, 0x05, 0x05, 0x05, 0x05, 0x05, 0x05, 0x05, 0x05, 0x05, 0x05, 0x05, 0x05, 0x05, 0x05, 0x05, 0x05, 0x05, 0x05, 0x05, 0x05, 0x05, 0x05, 0x05, 0x05, 0x05, 0x05, 0x05, 0x05, 0x05, 0x05, 0x05, 0x05, 0x05, 0x05, 0x05, 0x05, 0x05, 0x05, 0x05, 0x05, 0x05, 0x05, 0x05, 0x05, 0x05, 0x05, 0x05, 0x05, 0x0a, 0x0a, 0x0a, 0x0a, 0x05, 0x05, 0x05, 0x05, 0x05, 0x05, 0x05, 0x05, 0x0a, 0x0f, 0x0f, 0x0f, 0x0f, 0x0a, 0x05, 0x05, 0x05, 0x05, 0x05, 0x05, 0x05, 0x05, 0x0a, 0x0f, 0x0f, 0x0f, 0x0a, 0x0a, 0x05, 0x05, 0x05, 0x05, 0x05, 0x05, 0x05, 0x0a, 0x0f, 0x0f, 0x0f, 0x0a, 0x0a, 0x05, 0x05, 0x05, 0x05, 0x0a, 0x0a, 0x0a, 0x0a, 0x0f, 0x0f, 0x0f, 0x0a, 0x0a, 0x05, 0x05, 0x05, 0x0a, 0x0f, 0x0f, 0x0f, 0x0a, 0x0f, 0x0f, 0x0f, 0x0a, 0x0a, 0x05, 0x05, 0x0a, 0x0f, 0x0f, 0x0f, 0x0a, 0x0f, 0x0f, 0x0f, 0x0f, 0x0a, 0x0a, 0x05, 0x0a, 0x0f, 0x0f, 0x0f, 0x0a, 0x0a, 0x0a, 0x0f, 0x0f, 0x0f, 0x0a, 0x0a, 0x05, 0x0a, 0x0f, 0x0f, 0x0f, 0x0a, 0x0a, 0x0a, 0x0f, 0x0f, 0x0f, 0x0a, 0x0a, 0x05, 0x0a, 0x0f, 0x0f, 0x0f, 0x0a, 0x0a, 0x0a, 0x0f, 0x0f, 0x0f, 0x0a, 0x0a, 0x05, 0x0a, 0x0f, 0x0f, 0x0f, 0x0a, 0x0a, 0x0a, 0x0f, 0x0f, 0x0f, 0x0a, 0x0a, 0x05, 0x05, 0x0a, 0x0f, 0x0f, 0x0f, 0x0a, 0x0a, 0x0f, 0x0f, 0x0f, 0x0a, 0x0a, 0x05, 0x05, 0x05, 0x0a, 0x0f, 0x0f, 0x0f, 0x0f, 0x0f, 0x0f, 0x0f, 0x0f, 0x0a, 0x05, 0x05, 0x05, 0x05, 0x0a, 0x0a, 0x0a, 0x0a, 0x0a, 0x0a, 0x0a, 0x0a, 0x0a, 0x0a, 0x05, 0x05, 0x05, 0x05, 0x0a, 0x0a, 0x0a, 0x0a, 0x0a, 0x0a, 0x0a, 0x0a, 0x05,};
        fontdata[68] = new byte[]{0x05, 0x05, 0x05, 0x05, 0x05, 0x05, 0x05, 0x05, 0x05, 0x05, 0x05, 0x05, 0x05, 0x05, 0x05, 0x05, 0x05, 0x05, 0x05, 0x05, 0x05, 0x05, 0x05, 0x05, 0x05, 0x05, 0x05, 0x05, 0x05, 0x05, 0x05, 0x05, 0x05, 0x05, 0x05, 0x05, 0x05, 0x05, 0x05, 0x05, 0x05, 0x05, 0x05, 0x05, 0x05, 0x05, 0x05, 0x05, 0x05, 0x05, 0x05, 0x05, 0x05, 0x05, 0x05, 0x05, 0x05, 0x05, 0x05, 0x05, 0x05, 0x05, 0x05, 0x05, 0x05, 0x0a, 0x0a, 0x0a, 0x0a, 0x0a, 0x0a, 0x0a, 0x0a, 0x0a, 0x05, 0x05, 0x05, 0x05, 0x05, 0x05, 0x0a, 0x0f, 0x0f, 0x0f, 0x0f, 0x0f, 0x0f, 0x0f, 0x0f, 0x0f, 0x0a, 0x0a, 0x05, 0x05, 0x05, 0x05, 0x05, 0x0a, 0x0a, 0x0f, 0x0f, 0x0f, 0x0a, 0x0a, 0x0f, 0x0f, 0x0f, 0x0f, 0x0a, 0x05, 0x05, 0x05, 0x05, 0x05, 0x0a, 0x0f, 0x0f, 0x0f, 0x0a, 0x0a, 0x0a, 0x0f, 0x0f, 0x0f, 0x0f, 0x0a, 0x05, 0x05, 0x05, 0x05, 0x0a, 0x0f, 0x0f, 0x0f, 0x0a, 0x0a, 0x05, 0x0a, 0x0f, 0x0f, 0x0f, 0x0a, 0x0a, 0x05, 0x05, 0x05, 0x0a, 0x0f, 0x0f, 0x0f, 0x0a, 0x0a, 0x05, 0x0a, 0x0f, 0x0f, 0x0f, 0x0f, 0x0a, 0x05, 0x05, 0x05, 0x0a, 0x0f, 0x0f, 0x0f, 0x0a, 0x0a, 0x05, 0x0a, 0x0f, 0x0f, 0x0f, 0x0f, 0x0a, 0x0a, 0x05, 0x05, 0x0a, 0x0f, 0x0f, 0x0f, 0x0a, 0x0a, 0x05, 0x0a, 0x0f, 0x0f, 0x0f, 0x0f, 0x0a, 0x0a, 0x05, 0x05, 0x0a, 0x0f, 0x0f, 0x0f, 0x0a, 0x0a, 0x05, 0x0a, 0x0f, 0x0f, 0x0f, 0x0f, 0x0a, 0x0a, 0x05, 0x05, 0x0a, 0x0f, 0x0f, 0x0f, 0x0a, 0x0a, 0x05, 0x0a, 0x0f, 0x0f, 0x0f, 0x0f, 0x0a, 0x0a, 0x05, 0x05, 0x0a, 0x0f, 0x0f, 0x0f, 0x0a, 0x0a, 0x05, 0x0a, 0x0f, 0x0f, 0x0f, 0x0f, 0x0a, 0x0a, 0x05, 0x05, 0x0a, 0x0f, 0x0f, 0x0f, 0x0a, 0x0a, 0x05, 0x0a, 0x0f, 0x0f, 0x0f, 0x0a, 0x0a, 0x0a, 0x05, 0x05, 0x0a, 0x0f, 0x0f, 0x0f, 0x0a, 0x0a, 0x0a, 0x0f, 0x0f, 0x0f, 0x0f, 0x0a, 0x0a, 0x05, 0x05, 0x0a, 0x0a, 0x0f, 0x0f, 0x0f, 0x0a, 0x0a, 0x0f, 0x0f, 0x0f, 0x0f, 0x0a, 0x0a, 0x0a, 0x05, 0x0a, 0x0f, 0x0f, 0x0f, 0x0f, 0x0f, 0x0f, 0x0f, 0x0f, 0x0f, 0x0a, 0x0a, 0x0a, 0x0a, 0x05, 0x05, 0x05, 0x0a, 0x0a, 0x0a, 0x0a, 0x0a, 0x0a, 0x0a, 0x0a, 0x0a, 0x0a, 0x0a, 0x0a, 0x05, 0x05, 0x05, 0x05, 0x05, 0x0a, 0x0a, 0x0a, 0x0a, 0x0a, 0x0a, 0x0a, 0x0a, 0x0a, 0x05, 0x05, 0x05, 0x05, 0x05,};
        fontdata[52] = new byte[]{0x05, 0x05, 0x05, 0x05, 0x05, 0x05, 0x05, 0x05, 0x05, 0x05, 0x05, 0x05, 0x05, 0x05, 0x05, 0x05, 0x05, 0x05, 0x05, 0x05, 0x05, 0x05, 0x05, 0x05, 0x05, 0x05, 0x05, 0x05, 0x05, 0x05, 0x05, 0x05, 0x05, 0x05, 0x05, 0x05, 0x05, 0x05, 0x05, 0x05, 0x05, 0x05, 0x05, 0x05, 0x05, 0x05, 0x05, 0x05, 0x05, 0x05, 0x05, 0x05, 0x05, 0x05, 0x05, 0x05, 0x05, 0x05, 0x05, 0x05, 0x05, 0x05, 0x05, 0x05, 0x05, 0x05, 0x05, 0x05, 0x05, 0x05, 0x05, 0x05, 0x05, 0x05, 0x05, 0x05, 0x05, 0x05, 0x05, 0x0a, 0x0a, 0x05, 0x05, 0x05, 0x05, 0x05, 0x05, 0x05, 0x05, 0x05, 0x0a, 0x0f, 0x0f, 0x0a, 0x05, 0x05, 0x05, 0x05, 0x05, 0x05, 0x05, 0x0a, 0x0f, 0x0f, 0x0f, 0x0a, 0x0a, 0x05, 0x05, 0x05, 0x05, 0x05, 0x0a, 0x0f, 0x0f, 0x0f, 0x0f, 0x0a, 0x0a, 0x05, 0x05, 0x05, 0x05, 0x0a, 0x0f, 0x0a, 0x0f, 0x0f, 0x0f, 0x0a, 0x0a, 0x05, 0x05, 0x05, 0x0a, 0x0f, 0x0a, 0x0a, 0x0f, 0x0f, 0x0f, 0x0a, 0x0a, 0x05, 0x05, 0x0a, 0x0f, 0x0a, 0x0a, 0x0a, 0x0f, 0x0f, 0x0f, 0x0a, 0x0a, 0x05, 0x0a, 0x0f, 0x0a, 0x0a, 0x0a, 0x0a, 0x0f, 0x0f, 0x0f, 0x0a, 0x0a, 0x05, 0x0a, 0x0f, 0x0f, 0x0f, 0x0f, 0x0f, 0x0f, 0x0f, 0x0f, 0x0f, 0x0a, 0x05, 0x0a, 0x0f, 0x0f, 0x0f, 0x0f, 0x0f, 0x0f, 0x0f, 0x0f, 0x0f, 0x0a, 0x0a, 0x05, 0x0a, 0x0a, 0x0a, 0x0a, 0x0a, 0x0f, 0x0f, 0x0f, 0x0a, 0x0a, 0x0a, 0x05, 0x05, 0x0a, 0x0a, 0x0a, 0x0a, 0x0f, 0x0f, 0x0f, 0x0a, 0x0a, 0x05, 0x05, 0x05, 0x05, 0x05, 0x05, 0x0a, 0x0f, 0x0f, 0x0f, 0x0a, 0x0a, 0x05, 0x05, 0x05, 0x05, 0x05, 0x05, 0x05, 0x0a, 0x0a, 0x0a, 0x0a, 0x0a, 0x05, 0x05, 0x05, 0x05, 0x05, 0x05, 0x05, 0x05, 0x0a, 0x0a, 0x0a, 0x05, 0x05,};
        fontdata[112] = new byte[]{0x05, 0x05, 0x05, 0x05, 0x05, 0x05, 0x05, 0x05, 0x05, 0x05, 0x05, 0x05, 0x05, 0x05, 0x05, 0x05, 0x05, 0x05, 0x05, 0x05, 0x05, 0x05, 0x05, 0x05, 0x05, 0x05, 0x05, 0x05, 0x05, 0x05, 0x05, 0x05, 0x05, 0x05, 0x05, 0x05, 0x05, 0x05, 0x05, 0x05, 0x05, 0x05, 0x05, 0x05, 0x05, 0x05, 0x05, 0x05, 0x05, 0x05, 0x05, 0x05, 0x05, 0x05, 0x05, 0x05, 0x05, 0x05, 0x05, 0x05, 0x05, 0x05, 0x05, 0x05, 0x05, 0x05, 0x05, 0x05, 0x05, 0x05, 0x05, 0x05, 0x05, 0x0a, 0x0a, 0x0a, 0x0a, 0x05, 0x0a, 0x0a, 0x0a, 0x05, 0x05, 0x05, 0x0a, 0x0f, 0x0f, 0x0f, 0x0f, 0x0a, 0x0f, 0x0f, 0x0f, 0x0a, 0x05, 0x05, 0x05, 0x0a, 0x0f, 0x0f, 0x0f, 0x0f, 0x0a, 0x0f, 0x0f, 0x0a, 0x0a, 0x05, 0x05, 0x0a, 0x0f, 0x0f, 0x0f, 0x0a, 0x0a, 0x0f, 0x0f, 0x0f, 0x0a, 0x05, 0x05, 0x0a, 0x0f, 0x0f, 0x0f, 0x0a, 0x0a, 0x0f, 0x0f, 0x0f, 0x0a, 0x0a, 0x05, 0x0a, 0x0f, 0x0f, 0x0f, 0x0a, 0x0a, 0x0f, 0x0f, 0x0f, 0x0a, 0x0a, 0x05, 0x0a, 0x0f, 0x0f, 0x0f, 0x0a, 0x0a, 0x0f, 0x0f, 0x0f, 0x0a, 0x0a, 0x05, 0x0a, 0x0f, 0x0f, 0x0f, 0x0a, 0x0a, 0x0f, 0x0f, 0x0a, 0x0a, 0x0a, 0x05, 0x0a, 0x0f, 0x0f, 0x0f, 0x0f, 0x0f, 0x0f, 0x0a, 0x0a, 0x0a, 0x05, 0x05, 0x0a, 0x0f, 0x0f, 0x0f, 0x0a, 0x0a, 0x0a, 0x0a, 0x0a, 0x05, 0x05, 0x05, 0x0a, 0x0f, 0x0f, 0x0f, 0x0a, 0x0a, 0x0a, 0x0a, 0x05, 0x05, 0x05, 0x05, 0x0a, 0x0f, 0x0f, 0x0f, 0x0a, 0x0a, 0x05, 0x05, 0x05, 0x05, 0x05, 0x0a, 0x0f, 0x0f, 0x0f, 0x0f, 0x0f, 0x0a, 0x05, 0x05, 0x05, 0x05, 0x05, 0x05, 0x0a, 0x0a, 0x0a, 0x0a, 0x0a, 0x0a, 0x0a, 0x05, 0x05, 0x05, 0x05, 0x05, 0x05, 0x0a, 0x0a, 0x0a, 0x0a, 0x0a, 0x05, 0x05, 0x05, 0x05, 0x05,};
        fontdata[206] = new byte[]{0x05, 0x05, 0x05, 0x05, 0x05, 0x05, 0x05, 0x05, 0x05, 0x05, 0x05, 0x05, 0x05, 0x05, 0x05, 0x05, 0x05, 0x05, 0x05, 0x05, 0x05, 0x05, 0x05, 0x05, 0x05, 0x05, 0x05, 0x05, 0x05, 0x05, 0x05, 0x05, 0x05, 0x05, 0x05, 0x05, 0x05, 0x05, 0x05, 0x05, 0x05, 0x05, 0x05, 0x05, 0x05, 0x05, 0x05, 0x05, 0x05, 0x05, 0x05, 0x05, 0x05, 0x05, 0x05, 0x05, 0x05, 0x05, 0x05, 0x05, 0x05, 0x05, 0x05, 0x05, 0x05, 0x05, 0x05, 0x05, 0x05, 0x05, 0x05, 0x05, 0x0a, 0x0a, 0x05, 0x05, 0x05, 0x05, 0x05, 0x05, 0x05, 0x05, 0x05, 0x05, 0x0a, 0x0f, 0x0f, 0x0a, 0x05, 0x05, 0x05, 0x05, 0x05, 0x05, 0x05, 0x05, 0x0a, 0x0f, 0x0f, 0x0f, 0x0a, 0x0a, 0x05, 0x05, 0x05, 0x05, 0x05, 0x05, 0x0a, 0x0f, 0x0f, 0x0a, 0x0a, 0x0a, 0x0a, 0x05, 0x05, 0x05, 0x05, 0x05, 0x0a, 0x0f, 0x0f, 0x0a, 0x0a, 0x0a, 0x0a, 0x05, 0x05, 0x05, 0x05, 0x0a, 0x0a, 0x0a, 0x0f, 0x0a, 0x0a, 0x0a, 0x0a, 0x05, 0x05, 0x05, 0x05, 0x0a, 0x0f, 0x0f, 0x0f, 0x0f, 0x0a, 0x0f, 0x0f, 0x0f, 0x0a, 0x05, 0x05, 0x05, 0x05, 0x0a, 0x0f, 0x0f, 0x0f, 0x0f, 0x0f, 0x0f, 0x0f, 0x0f, 0x0a, 0x05, 0x05, 0x05, 0x0a, 0x0f, 0x0f, 0x0f, 0x0a, 0x0a, 0x0f, 0x0f, 0x0f, 0x0a, 0x0a, 0x05, 0x05, 0x0a, 0x0f, 0x0f, 0x0f, 0x0a, 0x0a, 0x0f, 0x0f, 0x0f, 0x0a, 0x0a, 0x05, 0x05, 0x0a, 0x0f, 0x0f, 0x0f, 0x0a, 0x0a, 0x0f, 0x0f, 0x0f, 0x0a, 0x0a, 0x05, 0x05, 0x0a, 0x0f, 0x0f, 0x0f, 0x0a, 0x0a, 0x0f, 0x0f, 0x0f, 0x0a, 0x0a, 0x05, 0x05, 0x0a, 0x0f, 0x0f, 0x0f, 0x0a, 0x0a, 0x0f, 0x0f, 0x0f, 0x0a, 0x0a, 0x05, 0x0a, 0x0f, 0x0f, 0x0f, 0x0f, 0x0f, 0x0f, 0x0f, 0x0f, 0x0f, 0x0f, 0x0a, 0x05, 0x05, 0x0a, 0x0a, 0x0a, 0x0a, 0x0a, 0x0a, 0x0a, 0x0a, 0x0a, 0x0a, 0x0a, 0x0a, 0x05, 0x05, 0x0a, 0x0a, 0x0a, 0x0a, 0x0a, 0x0a, 0x0a, 0x0a, 0x0a, 0x0a, 0x05,};
        fontdata[88] = new byte[]{0x05, 0x05, 0x05, 0x05, 0x05, 0x05, 0x05, 0x05, 0x05, 0x05, 0x05, 0x05, 0x05, 0x05, 0x05, 0x05, 0x05, 0x05, 0x05, 0x05, 0x05, 0x05, 0x05, 0x05, 0x05, 0x05, 0x05, 0x05, 0x05, 0x05, 0x05, 0x05, 0x05, 0x05, 0x05, 0x05, 0x05, 0x05, 0x05, 0x05, 0x05, 0x05, 0x05, 0x05, 0x05, 0x05, 0x05, 0x05, 0x05, 0x05, 0x05, 0x05, 0x05, 0x05, 0x05, 0x05, 0x05, 0x05, 0x05, 0x05, 0x05, 0x05, 0x05, 0x05, 0x05, 0x05, 0x05, 0x05, 0x05, 0x0a, 0x0a, 0x0a, 0x0a, 0x0a, 0x0a, 0x0a, 0x05, 0x05, 0x0a, 0x0a, 0x0a, 0x0a, 0x0a, 0x05, 0x05, 0x0a, 0x0f, 0x0f, 0x0f, 0x0f, 0x0f, 0x0f, 0x0f, 0x0a, 0x0a, 0x0f, 0x0f, 0x0f, 0x0f, 0x0f, 0x0a, 0x05, 0x05, 0x0a, 0x0f, 0x0f, 0x0f, 0x0f, 0x0f, 0x0a, 0x0a, 0x0a, 0x0a, 0x0f, 0x0f, 0x0a, 0x0a, 0x0a, 0x0a, 0x05, 0x05, 0x0a, 0x0f, 0x0f, 0x0f, 0x0f, 0x0a, 0x0a, 0x05, 0x0a, 0x0f, 0x0a, 0x0a, 0x0a, 0x0a, 0x05, 0x05, 0x05, 0x05, 0x0a, 0x0f, 0x0f, 0x0f, 0x0f, 0x0a, 0x0a, 0x0f, 0x0a, 0x0a, 0x0a, 0x05, 0x05, 0x05, 0x05, 0x05, 0x05, 0x0a, 0x0f, 0x0f, 0x0f, 0x0f, 0x0a, 0x0f, 0x0a, 0x0a, 0x0a, 0x05, 0x05, 0x05, 0x05, 0x05, 0x05, 0x05, 0x05, 0x0a, 0x0f, 0x0f, 0x0f, 0x0f, 0x0f, 0x0a, 0x0a, 0x05, 0x05, 0x05, 0x05, 0x05, 0x05, 0x05, 0x05, 0x05, 0x05, 0x0a, 0x0f, 0x0f, 0x0f, 0x0f, 0x0a, 0x0a, 0x05, 0x05, 0x05, 0x05, 0x05, 0x05, 0x05, 0x05, 0x05, 0x05, 0x0a, 0x0f, 0x0f, 0x0f, 0x0f, 0x0a, 0x0a, 0x05, 0x05, 0x05, 0x05, 0x05, 0x05, 0x05, 0x05, 0x05, 0x05, 0x0a, 0x0f, 0x0f, 0x0f, 0x0f, 0x0f, 0x0a, 0x05, 0x05, 0x05, 0x05, 0x05, 0x05, 0x05, 0x05, 0x05, 0x0a, 0x0f, 0x0a, 0x0a, 0x0f, 0x0f, 0x0f, 0x0f, 0x0a, 0x05, 0x05, 0x05, 0x05, 0x05, 0x05, 0x05, 0x05, 0x0a, 0x0f, 0x0a, 0x0a, 0x0f, 0x0f, 0x0f, 0x0f, 0x0a, 0x0a, 0x05, 0x05, 0x05, 0x05, 0x05, 0x05, 0x0a, 0x0f, 0x0a, 0x0a, 0x0a, 0x0a, 0x0f, 0x0f, 0x0f, 0x0f, 0x0a, 0x05, 0x05, 0x05, 0x05, 0x0a, 0x0a, 0x0f, 0x0a, 0x0a, 0x0a, 0x05, 0x0a, 0x0a, 0x0f, 0x0f, 0x0f, 0x0f, 0x0a, 0x05, 0x05, 0x0a, 0x0f, 0x0f, 0x0f, 0x0f, 0x0f, 0x0a, 0x0a, 0x0f, 0x0f, 0x0f, 0x0f, 0x0f, 0x0f, 0x0f, 0x0a, 0x05, 0x05, 0x0a, 0x0a, 0x0a, 0x0a, 0x0a, 0x0a, 0x0a, 0x0a, 0x0a, 0x0a, 0x0a, 0x0a, 0x0a, 0x0a, 0x0a, 0x0a, 0x05, 0x05, 0x0a, 0x0a, 0x0a, 0x0a, 0x0a, 0x05, 0x05, 0x0a, 0x0a, 0x0a, 0x0a, 0x0a, 0x0a, 0x0a, 0x05,};
        fontdata[200] = new byte[]{0x05, 0x05, 0x05, 0x05, 0x05, 0x05, 0x05, 0x05, 0x05, 0x05, 0x05, 0x05, 0x05, 0x05, 0x05, 0x05, 0x05, 0x05, 0x05, 0x05, 0x05, 0x05, 0x05, 0x05, 0x05, 0x05, 0x05, 0x05, 0x05, 0x05, 0x05, 0x05, 0x05, 0x05, 0x05, 0x05, 0x05, 0x05, 0x05, 0x05, 0x05, 0x05, 0x05, 0x05, 0x05, 0x05, 0x05, 0x05, 0x05, 0x05, 0x05, 0x05, 0x05, 0x05, 0x05, 0x05, 0x0a, 0x0a, 0x05, 0x05, 0x05, 0x05, 0x05, 0x05, 0x05, 0x0a, 0x0f, 0x0f, 0x0a, 0x05, 0x05, 0x05, 0x05, 0x05, 0x05, 0x0a, 0x0f, 0x0f, 0x0a, 0x0a, 0x05, 0x05, 0x05, 0x05, 0x0a, 0x0f, 0x0a, 0x0a, 0x0a, 0x0a, 0x05, 0x05, 0x05, 0x0a, 0x0f, 0x0a, 0x0a, 0x0a, 0x0a, 0x05, 0x05, 0x05, 0x05, 0x0a, 0x0f, 0x0a, 0x0a, 0x05, 0x05, 0x05, 0x05, 0x05, 0x0a, 0x0f, 0x0f, 0x0f, 0x0f, 0x0a, 0x05, 0x05, 0x05, 0x0a, 0x0f, 0x0f, 0x0a, 0x0f, 0x0f, 0x0f, 0x0a, 0x05, 0x0a, 0x0f, 0x0f, 0x0f, 0x0a, 0x0f, 0x0f, 0x0f, 0x0a, 0x0a, 0x0a, 0x0f, 0x0f, 0x0f, 0x0a, 0x0a, 0x0a, 0x0a, 0x0a, 0x0a, 0x0a, 0x0f, 0x0f, 0x0f, 0x0a, 0x0a, 0x0a, 0x0a, 0x0a, 0x05, 0x0a, 0x0f, 0x0f, 0x0f, 0x0f, 0x0a, 0x0a, 0x0f, 0x0a, 0x05, 0x05, 0x0a, 0x0f, 0x0f, 0x0f, 0x0f, 0x0f, 0x0f, 0x0a, 0x0a, 0x05, 0x05, 0x0a, 0x0f, 0x0f, 0x0f, 0x0f, 0x0a, 0x0a, 0x0a, 0x05, 0x05, 0x05, 0x0a, 0x0a, 0x0a, 0x0a, 0x0a, 0x0a, 0x05, 0x05, 0x05, 0x05, 0x05, 0x0a, 0x0a, 0x0a, 0x0a, 0x05, 0x05,};
        fontdata[53] = new byte[]{0x05, 0x05, 0x05, 0x05, 0x05, 0x05, 0x05, 0x05, 0x05, 0x05, 0x05, 0x05, 0x05, 0x05, 0x05, 0x05, 0x05, 0x05, 0x05, 0x05, 0x05, 0x05, 0x05, 0x05, 0x05, 0x05, 0x05, 0x05, 0x05, 0x05, 0x05, 0x05, 0x05, 0x05, 0x05, 0x05, 0x05, 0x05, 0x05, 0x05, 0x05, 0x05, 0x05, 0x05, 0x05, 0x05, 0x05, 0x05, 0x05, 0x05, 0x05, 0x05, 0x05, 0x05, 0x05, 0x05, 0x05, 0x05, 0x05, 0x05, 0x05, 0x05, 0x05, 0x05, 0x05, 0x05, 0x05, 0x05, 0x05, 0x0a, 0x0a, 0x0a, 0x0a, 0x0a, 0x0a, 0x05, 0x05, 0x05, 0x05, 0x0a, 0x0f, 0x0f, 0x0f, 0x0f, 0x0f, 0x0f, 0x0a, 0x05, 0x05, 0x05, 0x0a, 0x0f, 0x0f, 0x0f, 0x0f, 0x0f, 0x0f, 0x0a, 0x0a, 0x05, 0x05, 0x0a, 0x0f, 0x0f, 0x0f, 0x0f, 0x0f, 0x0f, 0x0a, 0x0a, 0x05, 0x0a, 0x0f, 0x0a, 0x0a, 0x0a, 0x0a, 0x0a, 0x0a, 0x0a, 0x0a, 0x05, 0x0a, 0x0f, 0x0f, 0x0f, 0x0f, 0x0a, 0x0a, 0x0a, 0x0a, 0x05, 0x05, 0x0a, 0x0f, 0x0f, 0x0f, 0x0f, 0x0f, 0x0f, 0x0a, 0x05, 0x05, 0x05, 0x05, 0x0a, 0x0a, 0x0a, 0x0f, 0x0f, 0x0f, 0x0f, 0x0a, 0x05, 0x05, 0x05, 0x0a, 0x0a, 0x0a, 0x0a, 0x0a, 0x0f, 0x0f, 0x0a, 0x0a, 0x05, 0x0a, 0x0f, 0x0a, 0x05, 0x05, 0x0a, 0x0f, 0x0f, 0x0a, 0x0a, 0x0a, 0x0f, 0x0f, 0x0f, 0x0a, 0x0a, 0x0a, 0x0f, 0x0f, 0x0a, 0x0a, 0x0a, 0x0f, 0x0f, 0x0f, 0x0f, 0x0f, 0x0f, 0x0f, 0x0a, 0x0a, 0x0a, 0x05, 0x0a, 0x0f, 0x0f, 0x0f, 0x0f, 0x0f, 0x0a, 0x0a, 0x0a, 0x05, 0x05, 0x05, 0x0a, 0x0a, 0x0a, 0x0a, 0x0a, 0x0a, 0x0a, 0x05, 0x05, 0x05, 0x05, 0x05, 0x0a, 0x0a, 0x0a, 0x0a, 0x0a, 0x05, 0x05, 0x05,};
        fontdata[69] = new byte[]{0x05, 0x05, 0x05, 0x05, 0x05, 0x05, 0x05, 0x05, 0x05, 0x05, 0x05, 0x05, 0x05, 0x05, 0x05, 0x05, 0x05, 0x05, 0x05, 0x05, 0x05, 0x05, 0x05, 0x05, 0x05, 0x05, 0x05, 0x05, 0x05, 0x05, 0x05, 0x05, 0x05, 0x05, 0x05, 0x05, 0x05, 0x05, 0x05, 0x05, 0x05, 0x05, 0x05, 0x05, 0x05, 0x05, 0x05, 0x05, 0x05, 0x05, 0x05, 0x05, 0x05, 0x05, 0x05, 0x05, 0x05, 0x05, 0x05, 0x05, 0x05, 0x05, 0x05, 0x05, 0x05, 0x0a, 0x0a, 0x0a, 0x0a, 0x0a, 0x0a, 0x0a, 0x0a, 0x0a, 0x0a, 0x0a, 0x0a, 0x05, 0x05, 0x05, 0x0a, 0x0f, 0x0f, 0x0f, 0x0f, 0x0f, 0x0f, 0x0f, 0x0f, 0x0f, 0x0f, 0x0f, 0x0f, 0x0a, 0x05, 0x05, 0x05, 0x0a, 0x0a, 0x0f, 0x0f, 0x0f, 0x0a, 0x0a, 0x0a, 0x0a, 0x0f, 0x0f, 0x0f, 0x0a, 0x0a, 0x05, 0x05, 0x05, 0x0a, 0x0f, 0x0f, 0x0f, 0x0a, 0x0a, 0x0a, 0x0a, 0x0a, 0x0f, 0x0f, 0x0a, 0x0a, 0x05, 0x05, 0x05, 0x0a, 0x0f, 0x0f, 0x0f, 0x0a, 0x0a, 0x05, 0x0a, 0x05, 0x0a, 0x0f, 0x0a, 0x0a, 0x05, 0x05, 0x05, 0x0a, 0x0f, 0x0f, 0x0f, 0x0a, 0x0a, 0x0a, 0x0f, 0x0a, 0x0a, 0x0f, 0x0a, 0x0a, 0x05, 0x05, 0x05, 0x0a, 0x0f, 0x0f, 0x0f, 0x0a, 0x0a, 0x0a, 0x0f, 0x0a, 0x0a, 0x0a, 0x0a, 0x0a, 0x05, 0x05, 0x05, 0x0a, 0x0f, 0x0f, 0x0f, 0x0a, 0x0a, 0x0f, 0x0f, 0x0a, 0x0a, 0x05, 0x0a, 0x05, 0x05, 0x05, 0x05, 0x0a, 0x0f, 0x0f, 0x0f, 0x0f, 0x0f, 0x0f, 0x0f, 0x0a, 0x0a, 0x05, 0x05, 0x05, 0x05, 0x05, 0x05, 0x0a, 0x0f, 0x0f, 0x0f, 0x0a, 0x0a, 0x0f, 0x0f, 0x0a, 0x0a, 0x05, 0x05, 0x05, 0x05, 0x05, 0x05, 0x0a, 0x0f, 0x0f, 0x0f, 0x0a, 0x0a, 0x0a, 0x0f, 0x0a, 0x0a, 0x0a, 0x0a, 0x05, 0x05, 0x05, 0x05, 0x0a, 0x0f, 0x0f, 0x0f, 0x0a, 0x0a, 0x0a, 0x0f, 0x0a, 0x0a, 0x0f, 0x0f, 0x0a, 0x05, 0x05, 0x05, 0x0a, 0x0f, 0x0f, 0x0f, 0x0a, 0x0a, 0x05, 0x0a, 0x0a, 0x0a, 0x0f, 0x0a, 0x0a, 0x0a, 0x05, 0x0a, 0x0a, 0x0f, 0x0f, 0x0f, 0x0a, 0x0a, 0x0a, 0x0a, 0x0f, 0x0f, 0x0f, 0x0a, 0x0a, 0x05, 0x0a, 0x0f, 0x0f, 0x0f, 0x0f, 0x0f, 0x0f, 0x0f, 0x0f, 0x0f, 0x0f, 0x0f, 0x0f, 0x0a, 0x0a, 0x05, 0x05, 0x0a, 0x0a, 0x0a, 0x0a, 0x0a, 0x0a, 0x0a, 0x0a, 0x0a, 0x0a, 0x0a, 0x0a, 0x0a, 0x0a, 0x05, 0x05, 0x05, 0x0a, 0x0a, 0x0a, 0x0a, 0x0a, 0x0a, 0x0a, 0x0a, 0x0a, 0x0a, 0x0a, 0x0a, 0x05, 0x05,};

        initFontData16();
    }

    private void initFontData16() {
        fontdata[117] = new byte[]{0x05, 0x05, 0x05, 0x05, 0x05, 0x05, 0x05, 0x05, 0x05, 0x05, 0x05, 0x05, 0x05, 0x05, 0x05, 0x05, 0x05, 0x05, 0x05, 0x05, 0x05, 0x05, 0x05, 0x05, 0x05, 0x05, 0x05, 0x05, 0x05, 0x05, 0x05, 0x05, 0x05, 0x05, 0x05, 0x05, 0x05, 0x05, 0x05, 0x05, 0x05, 0x05, 0x05, 0x05, 0x05, 0x05, 0x05, 0x05, 0x05, 0x05, 0x05, 0x05, 0x05, 0x05, 0x05, 0x05, 0x05, 0x05, 0x05, 0x05, 0x05, 0x05, 0x05, 0x05, 0x05, 0x05, 0x05, 0x05, 0x05, 0x05, 0x05, 0x05, 0x05, 0x05, 0x05, 0x05, 0x05, 0x05, 0x05, 0x05, 0x05, 0x05, 0x05, 0x05, 0x05, 0x05, 0x05, 0x05, 0x05, 0x05, 0x05, 0x05, 0x05, 0x05, 0x05, 0x05, 0x05, 0x05, 0x05, 0x05, 0x05, 0x05, 0x05, 0x05, 0x05, 0x05, 0x05, 0x05, 0x05, 0x05, 0x05, 0x05, 0x05, 0x05, 0x05, 0x05, 0x05, 0x05, 0x05, 0x05, 0x05, 0x05, 0x05, 0x05, 0x05, 0x05, 0x05, 0x05, 0x05, 0x05, 0x05, 0x0a, 0x0a, 0x0a, 0x0a, 0x05, 0x0a, 0x0a, 0x0a, 0x0a, 0x05, 0x05, 0x05, 0x0a, 0x0f, 0x0f, 0x0f, 0x0f, 0x0a, 0x0f, 0x0f, 0x0f, 0x0f, 0x0a, 0x05, 0x05, 0x05, 0x0a, 0x0f, 0x0f, 0x0f, 0x0a, 0x0a, 0x0f, 0x0f, 0x0f, 0x0a, 0x0a, 0x05, 0x05, 0x0a, 0x0f, 0x0f, 0x0f, 0x0a, 0x0a, 0x0f, 0x0f, 0x0f, 0x0a, 0x0a, 0x05, 0x05, 0x0a, 0x0f, 0x0f, 0x0f, 0x0a, 0x0a, 0x0f, 0x0f, 0x0f, 0x0a, 0x0a, 0x05, 0x05, 0x0a, 0x0f, 0x0f, 0x0f, 0x0a, 0x0a, 0x0f, 0x0f, 0x0f, 0x0a, 0x0a, 0x05, 0x05, 0x0a, 0x0f, 0x0f, 0x0f, 0x0a, 0x0a, 0x0f, 0x0f, 0x0f, 0x0a, 0x0a, 0x05, 0x05, 0x0a, 0x0f, 0x0f, 0x0f, 0x0f, 0x0f, 0x0f, 0x0f, 0x0f, 0x0f, 0x0a, 0x05, 0x05, 0x05, 0x0a, 0x0f, 0x0f, 0x0f, 0x0a, 0x0f, 0x0a, 0x0a, 0x0a, 0x0a, 0x0a, 0x05, 0x05, 0x05, 0x0a, 0x0a, 0x0a, 0x0a, 0x0a, 0x0a, 0x0a, 0x0a, 0x0a, 0x05, 0x05, 0x05, 0x05, 0x05, 0x0a, 0x0a, 0x0a, 0x05, 0x0a, 0x05, 0x05, 0x05, 0x05,};
        fontdata[101] = new byte[]{0x05, 0x05, 0x05, 0x05, 0x05, 0x05, 0x05, 0x05, 0x05, 0x05, 0x05, 0x05, 0x05, 0x05, 0x05, 0x05, 0x05, 0x05, 0x05, 0x05, 0x05, 0x05, 0x05, 0x05, 0x05, 0x05, 0x05, 0x05, 0x05, 0x05, 0x05, 0x05, 0x05, 0x05, 0x05, 0x05, 0x05, 0x05, 0x05, 0x05, 0x05, 0x05, 0x05, 0x05, 0x05, 0x05, 0x05, 0x05, 0x05, 0x05, 0x05, 0x05, 0x05, 0x05, 0x05, 0x05, 0x05, 0x05, 0x05, 0x05, 0x05, 0x05, 0x05, 0x05, 0x05, 0x05, 0x05, 0x05, 0x05, 0x05, 0x05, 0x05, 0x05, 0x05, 0x05, 0x05, 0x05, 0x05, 0x05, 0x05, 0x05, 0x05, 0x05, 0x05, 0x05, 0x05, 0x05, 0x05, 0x05, 0x05, 0x05, 0x05, 0x05, 0x05, 0x05, 0x05, 0x05, 0x05, 0x05, 0x05, 0x05, 0x05, 0x05, 0x05, 0x05, 0x05, 0x05, 0x05, 0x05, 0x05, 0x05, 0x05, 0x05, 0x0a, 0x0a, 0x0a, 0x0a, 0x05, 0x05, 0x05, 0x05, 0x05, 0x05, 0x0a, 0x0f, 0x0f, 0x0f, 0x0f, 0x0a, 0x05, 0x05, 0x05, 0x05, 0x0a, 0x0f, 0x0f, 0x0a, 0x0a, 0x0f, 0x0f, 0x0a, 0x05, 0x05, 0x0a, 0x0f, 0x0f, 0x0f, 0x0a, 0x0a, 0x0f, 0x0f, 0x0a, 0x0a, 0x05, 0x0a, 0x0f, 0x0f, 0x0f, 0x0f, 0x0f, 0x0f, 0x0f, 0x0f, 0x0a, 0x05, 0x0a, 0x0f, 0x0f, 0x0f, 0x0a, 0x0a, 0x0a, 0x0a, 0x0a, 0x0a, 0x0a, 0x0a, 0x0f, 0x0f, 0x0f, 0x0f, 0x0a, 0x0a, 0x0a, 0x0f, 0x0a, 0x05, 0x05, 0x0a, 0x0f, 0x0f, 0x0f, 0x0f, 0x0f, 0x0f, 0x0a, 0x0a, 0x0a, 0x05, 0x05, 0x0a, 0x0f, 0x0f, 0x0f, 0x0f, 0x0a, 0x0a, 0x0a, 0x05, 0x05, 0x05, 0x05, 0x0a, 0x0a, 0x0a, 0x0a, 0x0a, 0x0a, 0x05, 0x05, 0x05, 0x05, 0x05, 0x05, 0x0a, 0x0a, 0x0a, 0x0a, 0x05, 0x05, 0x05,};
        fontdata[221] = new byte[]{0x05, 0x05, 0x05, 0x05, 0x05, 0x05, 0x05, 0x05, 0x05, 0x05, 0x05, 0x05, 0x05, 0x05, 0x05, 0x05, 0x05, 0x05, 0x05, 0x05, 0x05, 0x05, 0x05, 0x05, 0x05, 0x05, 0x05, 0x05, 0x05, 0x05, 0x05, 0x05, 0x05, 0x05, 0x05, 0x05, 0x05, 0x05, 0x05, 0x05, 0x05, 0x05, 0x05, 0x05, 0x05, 0x05, 0x05, 0x05, 0x05, 0x05, 0x05, 0x05, 0x05, 0x05, 0x05, 0x05, 0x05, 0x05, 0x05, 0x05, 0x05, 0x05, 0x05, 0x05, 0x05, 0x05, 0x05, 0x05, 0x05, 0x0a, 0x05, 0x05, 0x05, 0x0a, 0x05, 0x05, 0x05, 0x05, 0x05, 0x0a, 0x0f, 0x0a, 0x05, 0x0a, 0x0f, 0x0a, 0x05, 0x05, 0x05, 0x0a, 0x0f, 0x0f, 0x0f, 0x0a, 0x0f, 0x0f, 0x0f, 0x0a, 0x05, 0x05, 0x05, 0x0a, 0x0f, 0x0a, 0x0a, 0x0a, 0x0f, 0x0a, 0x0a, 0x0a, 0x05, 0x05, 0x05, 0x0a, 0x0a, 0x0a, 0x0a, 0x0a, 0x0a, 0x0a, 0x05, 0x05, 0x05, 0x0a, 0x0f, 0x0f, 0x0f, 0x0f, 0x0a, 0x0a, 0x05, 0x05, 0x05, 0x0a, 0x0f, 0x0f, 0x0a, 0x0a, 0x0f, 0x0f, 0x0a, 0x05, 0x05, 0x0a, 0x0f, 0x0f, 0x0f, 0x0a, 0x0a, 0x0f, 0x0f, 0x0f, 0x0a, 0x05, 0x0a, 0x0f, 0x0f, 0x0f, 0x0a, 0x0a, 0x0f, 0x0f, 0x0f, 0x0a, 0x0a, 0x0a, 0x0f, 0x0f, 0x0f, 0x0a, 0x0a, 0x0f, 0x0f, 0x0f, 0x0a, 0x0a, 0x0a, 0x0f, 0x0f, 0x0f, 0x0a, 0x0a, 0x0f, 0x0f, 0x0f, 0x0a, 0x0a, 0x05, 0x0a, 0x0f, 0x0f, 0x0a, 0x0a, 0x0f, 0x0f, 0x0a, 0x0a, 0x0a, 0x05, 0x05, 0x0a, 0x0f, 0x0f, 0x0f, 0x0f, 0x0a, 0x0a, 0x0a, 0x05, 0x05, 0x05, 0x05, 0x0a, 0x0a, 0x0a, 0x0a, 0x0a, 0x0a, 0x05, 0x05, 0x05, 0x05, 0x05, 0x05, 0x0a, 0x0a, 0x0a, 0x0a, 0x05, 0x05, 0x05,};
        fontdata[97] = new byte[]{0x05, 0x05, 0x05, 0x05, 0x05, 0x05, 0x05, 0x05, 0x05, 0x05, 0x05, 0x05, 0x05, 0x05, 0x05, 0x05, 0x05, 0x05, 0x05, 0x05, 0x05, 0x05, 0x05, 0x05, 0x05, 0x05, 0x05, 0x05, 0x05, 0x05, 0x05, 0x05, 0x05, 0x05, 0x05, 0x05, 0x05, 0x05, 0x05, 0x05, 0x05, 0x05, 0x05, 0x05, 0x05, 0x05, 0x05, 0x05, 0x05, 0x05, 0x05, 0x05, 0x05, 0x05, 0x05, 0x05, 0x05, 0x05, 0x05, 0x05, 0x05, 0x05, 0x05, 0x05, 0x05, 0x05, 0x05, 0x05, 0x05, 0x05, 0x05, 0x05, 0x05, 0x05, 0x05, 0x05, 0x05, 0x05, 0x05, 0x05, 0x05, 0x05, 0x05, 0x05, 0x05, 0x05, 0x05, 0x05, 0x05, 0x05, 0x05, 0x05, 0x05, 0x05, 0x05, 0x05, 0x05, 0x05, 0x05, 0x05, 0x05, 0x05, 0x05, 0x05, 0x05, 0x05, 0x05, 0x05, 0x05, 0x05, 0x05, 0x05, 0x05, 0x05, 0x05, 0x05, 0x05, 0x05, 0x05, 0x05, 0x05, 0x05, 0x0a, 0x0a, 0x0a, 0x0a, 0x0a, 0x0a, 0x05, 0x05, 0x05, 0x05, 0x05, 0x0a, 0x0f, 0x0f, 0x0f, 0x0f, 0x0f, 0x0f, 0x0a, 0x05, 0x05, 0x05, 0x0a, 0x0f, 0x0f, 0x0a, 0x0a, 0x0a, 0x0f, 0x0f, 0x0f, 0x0a, 0x05, 0x05, 0x05, 0x0a, 0x0f, 0x0f, 0x0a, 0x0a, 0x0f, 0x0f, 0x0f, 0x0a, 0x0a, 0x05, 0x05, 0x05, 0x0a, 0x0a, 0x0a, 0x0a, 0x0f, 0x0f, 0x0f, 0x0a, 0x0a, 0x05, 0x05, 0x0a, 0x0a, 0x0f, 0x0f, 0x0f, 0x0f, 0x0f, 0x0f, 0x0a, 0x0a, 0x05, 0x0a, 0x0f, 0x0f, 0x0f, 0x0a, 0x0a, 0x0f, 0x0f, 0x0f, 0x0a, 0x0a, 0x05, 0x0a, 0x0f, 0x0f, 0x0f, 0x0a, 0x0a, 0x0f, 0x0f, 0x0f, 0x0a, 0x0a, 0x05, 0x05, 0x0a, 0x0f, 0x0f, 0x0f, 0x0f, 0x0f, 0x0f, 0x0f, 0x0f, 0x0a, 0x05, 0x05, 0x05, 0x0a, 0x0a, 0x0a, 0x0a, 0x0a, 0x0a, 0x0a, 0x0a, 0x0a, 0x0a, 0x05, 0x05, 0x05, 0x0a, 0x0a, 0x0a, 0x0a, 0x0a, 0x0a, 0x0a, 0x0a, 0x05,};
        fontdata[207] = new byte[]{0x05, 0x05, 0x05, 0x05, 0x05, 0x05, 0x05, 0x05, 0x05, 0x05, 0x05, 0x05, 0x05, 0x05, 0x05, 0x05, 0x05, 0x05, 0x05, 0x05, 0x05, 0x05, 0x05, 0x05, 0x05, 0x05, 0x05, 0x05, 0x05, 0x05, 0x05, 0x05, 0x05, 0x05, 0x05, 0x05, 0x05, 0x05, 0x05, 0x05, 0x05, 0x05, 0x05, 0x05, 0x05, 0x05, 0x05, 0x05, 0x05, 0x05, 0x05, 0x05, 0x05, 0x05, 0x05, 0x05, 0x05, 0x0a, 0x0a, 0x05, 0x05, 0x05, 0x0a, 0x05, 0x05, 0x05, 0x05, 0x0a, 0x0f, 0x0f, 0x0a, 0x05, 0x0a, 0x0f, 0x0a, 0x05, 0x05, 0x05, 0x05, 0x0a, 0x0f, 0x0f, 0x0a, 0x0f, 0x0f, 0x0a, 0x0a, 0x05, 0x05, 0x05, 0x05, 0x0a, 0x0f, 0x0f, 0x0f, 0x0a, 0x0a, 0x0a, 0x05, 0x05, 0x05, 0x05, 0x0a, 0x0f, 0x0f, 0x0a, 0x0a, 0x0a, 0x05, 0x05, 0x05, 0x0a, 0x0a, 0x0a, 0x0f, 0x0a, 0x0a, 0x0a, 0x05, 0x05, 0x05, 0x0a, 0x0f, 0x0f, 0x0f, 0x0f, 0x0a, 0x0f, 0x0f, 0x0a, 0x05, 0x05, 0x05, 0x0a, 0x0f, 0x0f, 0x0f, 0x0f, 0x0f, 0x0f, 0x0f, 0x0a, 0x05, 0x05, 0x0a, 0x0f, 0x0f, 0x0f, 0x0a, 0x0a, 0x0f, 0x0f, 0x0a, 0x0a, 0x05, 0x0a, 0x0f, 0x0f, 0x0f, 0x0a, 0x0a, 0x0a, 0x0a, 0x0a, 0x0a, 0x05, 0x0a, 0x0f, 0x0f, 0x0f, 0x0a, 0x0a, 0x05, 0x0a, 0x0a, 0x05, 0x05, 0x0a, 0x0f, 0x0f, 0x0f, 0x0a, 0x0a, 0x05, 0x05, 0x05, 0x05, 0x05, 0x0a, 0x0f, 0x0f, 0x0f, 0x0a, 0x0a, 0x05, 0x05, 0x05, 0x05, 0x0a, 0x0f, 0x0f, 0x0f, 0x0f, 0x0f, 0x0a, 0x05, 0x05, 0x05, 0x05, 0x05, 0x0a, 0x0a, 0x0a, 0x0a, 0x0a, 0x0a, 0x0a, 0x05, 0x05, 0x05, 0x05, 0x05, 0x0a, 0x0a, 0x0a, 0x0a, 0x0a, 0x05, 0x05, 0x05, 0x05,};
        fontdata[215] = new byte[]{0x05, 0x05, 0x05, 0x05, 0x05, 0x05, 0x05, 0x05, 0x05, 0x05, 0x05, 0x05, 0x05, 0x05, 0x05, 0x05, 0x05, 0x05, 0x05, 0x05, 0x05, 0x05, 0x05, 0x05, 0x05, 0x05, 0x05, 0x05, 0x05, 0x05, 0x05, 0x05, 0x05, 0x05, 0x05, 0x05, 0x05, 0x05, 0x05, 0x05, 0x05, 0x05, 0x05, 0x05, 0x05, 0x05, 0x05, 0x05, 0x05, 0x05, 0x05, 0x05, 0x05, 0x05, 0x05, 0x05, 0x05, 0x05, 0x05, 0x05, 0x05, 0x0a, 0x0a, 0x0a, 0x0a, 0x0a, 0x0a, 0x0a, 0x05, 0x05, 0x05, 0x05, 0x05, 0x05, 0x05, 0x0a, 0x0f, 0x0f, 0x0f, 0x0f, 0x0f, 0x0f, 0x0f, 0x0a, 0x05, 0x05, 0x05, 0x05, 0x05, 0x05, 0x05, 0x0a, 0x0a, 0x0f, 0x0f, 0x0f, 0x0a, 0x0a, 0x0a, 0x0a, 0x05, 0x05, 0x05, 0x05, 0x05, 0x05, 0x05, 0x0a, 0x0f, 0x0f, 0x0f, 0x0a, 0x0a, 0x0a, 0x05, 0x05, 0x05, 0x05, 0x05, 0x05, 0x05, 0x05, 0x0a, 0x0f, 0x0f, 0x0f, 0x0a, 0x0a, 0x0a, 0x05, 0x05, 0x05, 0x05, 0x05, 0x05, 0x05, 0x05, 0x0a, 0x0f, 0x0f, 0x0f, 0x0a, 0x0f, 0x0f, 0x0a, 0x05, 0x05, 0x05, 0x05, 0x05, 0x05, 0x05, 0x0a, 0x0f, 0x0f, 0x0f, 0x0f, 0x0a, 0x0a, 0x0a, 0x0a, 0x05, 0x05, 0x05, 0x05, 0x05, 0x05, 0x0a, 0x0f, 0x0f, 0x0f, 0x0a, 0x0a, 0x0a, 0x0a, 0x05, 0x05, 0x05, 0x05, 0x05, 0x05, 0x0a, 0x0f, 0x0f, 0x0f, 0x0f, 0x0a, 0x0a, 0x05, 0x05, 0x05, 0x05, 0x05, 0x05, 0x05, 0x0a, 0x0f, 0x0a, 0x0f, 0x0f, 0x0f, 0x0a, 0x0a, 0x05, 0x05, 0x05, 0x05, 0x0a, 0x05, 0x05, 0x05, 0x0a, 0x0a, 0x0f, 0x0f, 0x0f, 0x0a, 0x0a, 0x05, 0x05, 0x05, 0x0a, 0x0f, 0x0a, 0x05, 0x05, 0x05, 0x0a, 0x0f, 0x0f, 0x0f, 0x0a, 0x0a, 0x05, 0x05, 0x05, 0x0a, 0x0f, 0x0a, 0x0a, 0x05, 0x05, 0x0a, 0x0f, 0x0f, 0x0f, 0x0a, 0x0a, 0x05, 0x05, 0x0a, 0x0a, 0x0f, 0x0a, 0x0a, 0x05, 0x0a, 0x0a, 0x0f, 0x0f, 0x0f, 0x0a, 0x0a, 0x0a, 0x0a, 0x0f, 0x0f, 0x0f, 0x0a, 0x0a, 0x0a, 0x0f, 0x0f, 0x0f, 0x0f, 0x0f, 0x0f, 0x0f, 0x0f, 0x0f, 0x0f, 0x0f, 0x0f, 0x0a, 0x0a, 0x05, 0x0a, 0x0a, 0x0a, 0x0a, 0x0a, 0x0a, 0x0a, 0x0a, 0x0a, 0x0a, 0x0a, 0x0a, 0x0a, 0x0a, 0x05, 0x05, 0x0a, 0x0a, 0x0a, 0x0a, 0x0a, 0x0a, 0x0a, 0x0a, 0x0a, 0x0a, 0x0a, 0x0a, 0x05,};
        fontdata[57] = new byte[]{0x05, 0x05, 0x05, 0x05, 0x05, 0x05, 0x05, 0x05, 0x05, 0x05, 0x05, 0x05, 0x05, 0x05, 0x05, 0x05, 0x05, 0x05, 0x05, 0x05, 0x05, 0x05, 0x05, 0x05, 0x05, 0x05, 0x05, 0x05, 0x05, 0x05, 0x05, 0x05, 0x05, 0x05, 0x05, 0x05, 0x05, 0x05, 0x05, 0x05, 0x05, 0x05, 0x05, 0x05, 0x05, 0x05, 0x05, 0x05, 0x05, 0x05, 0x05, 0x05, 0x05, 0x05, 0x05, 0x05, 0x05, 0x05, 0x05, 0x05, 0x05, 0x05, 0x05, 0x05, 0x05, 0x05, 0x05, 0x05, 0x05, 0x0a, 0x0a, 0x0a, 0x0a, 0x05, 0x05, 0x05, 0x05, 0x05, 0x05, 0x0a, 0x0f, 0x0f, 0x0f, 0x0f, 0x0a, 0x05, 0x05, 0x05, 0x05, 0x0a, 0x0f, 0x0f, 0x0a, 0x0a, 0x0f, 0x0f, 0x0a, 0x05, 0x05, 0x0a, 0x0f, 0x0f, 0x0f, 0x0a, 0x0a, 0x0f, 0x0f, 0x0f, 0x0a, 0x05, 0x0a, 0x0f, 0x0f, 0x0f, 0x0a, 0x0a, 0x0f, 0x0f, 0x0f, 0x0a, 0x0a, 0x0a, 0x0f, 0x0f, 0x0f, 0x0a, 0x0a, 0x0f, 0x0f, 0x0f, 0x0a, 0x0a, 0x0a, 0x0f, 0x0f, 0x0f, 0x0a, 0x0a, 0x0f, 0x0f, 0x0f, 0x0a, 0x0a, 0x05, 0x0a, 0x0f, 0x0f, 0x0a, 0x0a, 0x0f, 0x0f, 0x0f, 0x0a, 0x0a, 0x05, 0x0a, 0x0f, 0x0f, 0x0f, 0x0f, 0x0f, 0x0f, 0x0a, 0x0a, 0x0a, 0x05, 0x05, 0x0a, 0x0a, 0x0a, 0x0f, 0x0f, 0x0f, 0x0a, 0x0a, 0x05, 0x05, 0x05, 0x05, 0x0a, 0x0a, 0x0f, 0x0f, 0x0a, 0x0a, 0x0a, 0x05, 0x05, 0x0a, 0x0a, 0x0a, 0x0f, 0x0f, 0x0a, 0x0a, 0x0a, 0x05, 0x05, 0x0a, 0x0f, 0x0f, 0x0f, 0x0a, 0x0a, 0x0a, 0x0a, 0x05, 0x05, 0x05, 0x05, 0x0a, 0x0a, 0x0a, 0x0a, 0x0a, 0x0a, 0x05, 0x05, 0x05, 0x05, 0x05, 0x05, 0x0a, 0x0a, 0x0a, 0x05, 0x05, 0x05, 0x05, 0x05, 0x05,};
        fontdata[121] = new byte[]{0x05, 0x05, 0x05, 0x05, 0x05, 0x05, 0x05, 0x05, 0x05, 0x05, 0x05, 0x05, 0x05, 0x05, 0x05, 0x05, 0x05, 0x05, 0x05, 0x05, 0x05, 0x05, 0x05, 0x05, 0x05, 0x05, 0x05, 0x05, 0x05, 0x05, 0x05, 0x05, 0x05, 0x05, 0x05, 0x05, 0x05, 0x05, 0x05, 0x05, 0x05, 0x05, 0x05, 0x05, 0x05, 0x05, 0x05, 0x05, 0x05, 0x05, 0x05, 0x05, 0x05, 0x05, 0x05, 0x05, 0x05, 0x05, 0x05, 0x05, 0x05, 0x05, 0x05, 0x05, 0x05, 0x05, 0x05, 0x05, 0x05, 0x05, 0x05, 0x05, 0x05, 0x0a, 0x0a, 0x0a, 0x0a, 0x0a, 0x05, 0x0a, 0x0a, 0x0a, 0x05, 0x05, 0x0a, 0x0f, 0x0f, 0x0f, 0x0f, 0x0f, 0x0a, 0x0f, 0x0f, 0x0f, 0x0a, 0x05, 0x05, 0x0a, 0x0f, 0x0f, 0x0f, 0x0a, 0x0a, 0x0a, 0x0f, 0x0a, 0x0a, 0x0a, 0x05, 0x05, 0x0a, 0x0f, 0x0f, 0x0a, 0x0a, 0x0f, 0x0a, 0x0a, 0x0a, 0x05, 0x05, 0x05, 0x0a, 0x0f, 0x0f, 0x0f, 0x0a, 0x0f, 0x0a, 0x0a, 0x05, 0x05, 0x05, 0x05, 0x05, 0x0a, 0x0f, 0x0f, 0x0a, 0x0f, 0x0a, 0x0a, 0x05, 0x05, 0x05, 0x05, 0x05, 0x0a, 0x0f, 0x0f, 0x0f, 0x0a, 0x0a, 0x0a, 0x05, 0x05, 0x05, 0x05, 0x05, 0x0a, 0x0f, 0x0f, 0x0f, 0x0a, 0x0a, 0x05, 0x05, 0x05, 0x05, 0x05, 0x05, 0x05, 0x0a, 0x0f, 0x0a, 0x0a, 0x0a, 0x05, 0x05, 0x05, 0x05, 0x0a, 0x0a, 0x05, 0x0a, 0x0f, 0x0a, 0x0a, 0x05, 0x05, 0x05, 0x05, 0x0a, 0x0f, 0x0f, 0x0a, 0x0a, 0x0f, 0x0a, 0x0a, 0x05, 0x05, 0x05, 0x05, 0x0a, 0x0f, 0x0f, 0x0a, 0x0f, 0x0a, 0x0a, 0x0a, 0x05, 0x05, 0x05, 0x05, 0x0a, 0x0f, 0x0f, 0x0f, 0x0a, 0x0a, 0x0a, 0x05, 0x05, 0x05, 0x05, 0x05, 0x05, 0x0a, 0x0a, 0x0a, 0x0a, 0x0a, 0x05, 0x05, 0x05, 0x05, 0x05, 0x05, 0x05, 0x05, 0x0a, 0x0a, 0x0a, 0x05, 0x05, 0x05, 0x05, 0x05, 0x05, 0x05,};
        fontdata[108] = new byte[]{0x05, 0x05, 0x05, 0x05, 0x05, 0x05, 0x05, 0x05, 0x05, 0x05, 0x05, 0x05, 0x05, 0x05, 0x05, 0x05, 0x05, 0x05, 0x05, 0x05, 0x05, 0x05, 0x05, 0x05, 0x05, 0x05, 0x05, 0x05, 0x05, 0x05, 0x05, 0x05, 0x05, 0x05, 0x05, 0x05, 0x05, 0x05, 0x05, 0x05, 0x05, 0x05, 0x05, 0x05, 0x05, 0x05, 0x05, 0x05, 0x05, 0x0a, 0x0a, 0x0a, 0x0a, 0x05, 0x05, 0x05, 0x0a, 0x0f, 0x0f, 0x0f, 0x0f, 0x0a, 0x05, 0x05, 0x05, 0x0a, 0x0f, 0x0f, 0x0f, 0x0a, 0x0a, 0x05, 0x05, 0x0a, 0x0f, 0x0f, 0x0f, 0x0a, 0x0a, 0x05, 0x05, 0x0a, 0x0f, 0x0f, 0x0f, 0x0a, 0x0a, 0x05, 0x05, 0x0a, 0x0f, 0x0f, 0x0f, 0x0a, 0x0a, 0x05, 0x05, 0x0a, 0x0f, 0x0f, 0x0f, 0x0a, 0x0a, 0x05, 0x05, 0x0a, 0x0f, 0x0f, 0x0f, 0x0a, 0x0a, 0x05, 0x05, 0x0a, 0x0f, 0x0f, 0x0f, 0x0a, 0x0a, 0x05, 0x05, 0x0a, 0x0f, 0x0f, 0x0f, 0x0a, 0x0a, 0x05, 0x05, 0x0a, 0x0f, 0x0f, 0x0f, 0x0a, 0x0a, 0x05, 0x05, 0x0a, 0x0f, 0x0f, 0x0f, 0x0a, 0x0a, 0x05, 0x0a, 0x0f, 0x0f, 0x0f, 0x0f, 0x0f, 0x0a, 0x05, 0x05, 0x0a, 0x0a, 0x0a, 0x0a, 0x0a, 0x0a, 0x0a, 0x05, 0x05, 0x0a, 0x0a, 0x0a, 0x0a, 0x0a, 0x05,};
        fontdata[102] = new byte[]{0x05, 0x05, 0x05, 0x05, 0x05, 0x05, 0x05, 0x05, 0x05, 0x05, 0x05, 0x05, 0x05, 0x05, 0x05, 0x05, 0x05, 0x05, 0x05, 0x05, 0x05, 0x05, 0x05, 0x05, 0x05, 0x05, 0x05, 0x05, 0x05, 0x05, 0x05, 0x05, 0x05, 0x05, 0x05, 0x05, 0x05, 0x05, 0x05, 0x05, 0x05, 0x05, 0x05, 0x05, 0x05, 0x05, 0x05, 0x05, 0x05, 0x05, 0x05, 0x05, 0x05, 0x05, 0x05, 0x05, 0x05, 0x05, 0x05, 0x05, 0x05, 0x05, 0x05, 0x0a, 0x0a, 0x0a, 0x0a, 0x05, 0x05, 0x05, 0x05, 0x05, 0x0a, 0x0f, 0x0f, 0x0f, 0x0f, 0x0a, 0x05, 0x05, 0x05, 0x0a, 0x0f, 0x0f, 0x0f, 0x0f, 0x0f, 0x0f, 0x0a, 0x05, 0x05, 0x0a, 0x0f, 0x0f, 0x0f, 0x0f, 0x0f, 0x0f, 0x0a, 0x0a, 0x05, 0x0a, 0x0f, 0x0f, 0x0f, 0x0a, 0x0a, 0x0a, 0x0a, 0x0a, 0x0a, 0x0f, 0x0f, 0x0f, 0x0f, 0x0f, 0x0a, 0x0a, 0x0a, 0x05, 0x05, 0x0a, 0x0f, 0x0f, 0x0f, 0x0a, 0x0a, 0x0a, 0x05, 0x05, 0x05, 0x0a, 0x0f, 0x0f, 0x0f, 0x0a, 0x0a, 0x05, 0x05, 0x05, 0x05, 0x0a, 0x0f, 0x0f, 0x0f, 0x0a, 0x0a, 0x05, 0x05, 0x05, 0x05, 0x0a, 0x0f, 0x0f, 0x0f, 0x0a, 0x0a, 0x05, 0x05, 0x05, 0x05, 0x0a, 0x0f, 0x0f, 0x0f, 0x0a, 0x0a, 0x05, 0x05, 0x05, 0x05, 0x0a, 0x0f, 0x0f, 0x0f, 0x0a, 0x0a, 0x05, 0x05, 0x05, 0x0a, 0x0f, 0x0f, 0x0f, 0x0f, 0x0f, 0x0a, 0x05, 0x05, 0x05, 0x05, 0x0a, 0x0a, 0x0a, 0x0a, 0x0a, 0x0a, 0x0a, 0x05, 0x05, 0x05, 0x05, 0x0a, 0x0a, 0x0a, 0x0a, 0x0a, 0x05, 0x05, 0x05,};
        fontdata[238] = new byte[]{0x05, 0x05, 0x05, 0x05, 0x05, 0x05, 0x05, 0x05, 0x05, 0x05, 0x05, 0x05, 0x05, 0x05, 0x05, 0x05, 0x05, 0x05, 0x05, 0x05, 0x05, 0x05, 0x05, 0x05, 0x05, 0x05, 0x05, 0x05, 0x05, 0x05, 0x05, 0x05, 0x05, 0x05, 0x05, 0x05, 0x05, 0x05, 0x05, 0x05, 0x05, 0x05, 0x05, 0x05, 0x05, 0x05, 0x05, 0x05, 0x05, 0x05, 0x05, 0x05, 0x05, 0x05, 0x05, 0x05, 0x05, 0x05, 0x05, 0x05, 0x05, 0x0a, 0x0a, 0x05, 0x05, 0x05, 0x05, 0x05, 0x05, 0x05, 0x05, 0x0a, 0x0f, 0x0f, 0x0a, 0x05, 0x05, 0x05, 0x05, 0x05, 0x05, 0x0a, 0x0f, 0x0f, 0x0f, 0x0a, 0x0a, 0x05, 0x05, 0x05, 0x05, 0x0a, 0x0f, 0x0f, 0x0a, 0x0a, 0x0a, 0x0a, 0x05, 0x05, 0x05, 0x0a, 0x0f, 0x0f, 0x0a, 0x0a, 0x0a, 0x0a, 0x05, 0x05, 0x05, 0x0a, 0x0a, 0x0f, 0x0a, 0x05, 0x0a, 0x0a, 0x05, 0x05, 0x05, 0x0a, 0x0f, 0x0f, 0x0f, 0x0f, 0x0a, 0x0f, 0x0f, 0x0a, 0x05, 0x05, 0x05, 0x0a, 0x0f, 0x0f, 0x0f, 0x0f, 0x0f, 0x0f, 0x0f, 0x0a, 0x05, 0x05, 0x0a, 0x0f, 0x0f, 0x0f, 0x0a, 0x0a, 0x0f, 0x0f, 0x0a, 0x0a, 0x05, 0x0a, 0x0f, 0x0f, 0x0f, 0x0a, 0x0a, 0x0a, 0x0a, 0x0a, 0x0a, 0x05, 0x0a, 0x0f, 0x0f, 0x0f, 0x0a, 0x0a, 0x05, 0x0a, 0x0a, 0x05, 0x05, 0x0a, 0x0f, 0x0f, 0x0f, 0x0a, 0x0a, 0x05, 0x05, 0x05, 0x05, 0x05, 0x0a, 0x0f, 0x0f, 0x0f, 0x0a, 0x0a, 0x05, 0x05, 0x05, 0x05, 0x0a, 0x0f, 0x0f, 0x0f, 0x0f, 0x0f, 0x0a, 0x05, 0x05, 0x05, 0x05, 0x05, 0x0a, 0x0a, 0x0a, 0x0a, 0x0a, 0x0a, 0x0a, 0x05, 0x05, 0x05, 0x05, 0x05, 0x0a, 0x0a, 0x0a, 0x0a, 0x0a, 0x05, 0x05, 0x05, 0x05,};
        fontdata[44] = new byte[]{0x05, 0x05, 0x05, 0x05, 0x05, 0x05, 0x05, 0x05, 0x05, 0x05, 0x05, 0x05, 0x05, 0x05, 0x05, 0x05, 0x05, 0x05, 0x05, 0x05, 0x05, 0x05, 0x05, 0x05, 0x05, 0x05, 0x05, 0x05, 0x05, 0x05, 0x05, 0x05, 0x05, 0x05, 0x05, 0x05, 0x05, 0x05, 0x05, 0x05, 0x05, 0x05, 0x05, 0x05, 0x05, 0x05, 0x05, 0x05, 0x05, 0x05, 0x05, 0x05, 0x05, 0x05, 0x05, 0x05, 0x05, 0x05, 0x05, 0x05, 0x05, 0x05, 0x05, 0x05, 0x05, 0x05, 0x05, 0x05, 0x05, 0x05, 0x05, 0x05, 0x05, 0x05, 0x05, 0x05, 0x05, 0x05, 0x05, 0x05, 0x05, 0x05, 0x05, 0x05, 0x05, 0x0a, 0x0a, 0x0a, 0x05, 0x05, 0x05, 0x0a, 0x0f, 0x0f, 0x0f, 0x0a, 0x05, 0x05, 0x0a, 0x0f, 0x0f, 0x0f, 0x0f, 0x0a, 0x05, 0x0a, 0x0f, 0x0f, 0x0f, 0x0f, 0x0a, 0x0a, 0x05, 0x0a, 0x0a, 0x0a, 0x0f, 0x0a, 0x0a, 0x05, 0x0a, 0x0a, 0x0f, 0x0a, 0x0a, 0x0a, 0x0a, 0x0f, 0x0f, 0x0a, 0x0a, 0x0a, 0x05, 0x05, 0x0a, 0x0a, 0x0a, 0x0a, 0x05, 0x05, 0x05, 0x05, 0x0a, 0x0a, 0x05, 0x05, 0x05,};
        fontdata[107] = new byte[]{0x05, 0x05, 0x05, 0x05, 0x05, 0x05, 0x05, 0x05, 0x05, 0x05, 0x05, 0x05, 0x05, 0x05, 0x05, 0x05, 0x05, 0x05, 0x05, 0x05, 0x05, 0x05, 0x05, 0x05, 0x05, 0x05, 0x05, 0x05, 0x05, 0x05, 0x05, 0x05, 0x05, 0x05, 0x05, 0x05, 0x05, 0x05, 0x05, 0x05, 0x05, 0x05, 0x05, 0x05, 0x05, 0x05, 0x05, 0x05, 0x05, 0x05, 0x05, 0x05, 0x05, 0x05, 0x05, 0x05, 0x05, 0x05, 0x05, 0x05, 0x05, 0x05, 0x05, 0x05, 0x05, 0x05, 0x05, 0x05, 0x05, 0x05, 0x05, 0x05, 0x05, 0x05, 0x05, 0x05, 0x05, 0x05, 0x05, 0x0a, 0x0a, 0x0a, 0x0a, 0x05, 0x05, 0x05, 0x05, 0x05, 0x05, 0x05, 0x05, 0x0a, 0x0f, 0x0f, 0x0f, 0x0f, 0x0a, 0x05, 0x05, 0x05, 0x05, 0x05, 0x05, 0x05, 0x05, 0x0a, 0x0f, 0x0f, 0x0f, 0x0a, 0x0a, 0x05, 0x05, 0x05, 0x05, 0x05, 0x05, 0x05, 0x0a, 0x0f, 0x0f, 0x0f, 0x0a, 0x0a, 0x05, 0x05, 0x05, 0x05, 0x05, 0x05, 0x05, 0x0a, 0x0f, 0x0f, 0x0f, 0x0a, 0x0a, 0x0a, 0x0a, 0x0a, 0x05, 0x05, 0x05, 0x05, 0x0a, 0x0f, 0x0f, 0x0f, 0x0a, 0x0a, 0x0f, 0x0f, 0x0f, 0x0a, 0x05, 0x05, 0x05, 0x0a, 0x0f, 0x0f, 0x0f, 0x0a, 0x0a, 0x0f, 0x0a, 0x0a, 0x0a, 0x0a, 0x05, 0x05, 0x0a, 0x0f, 0x0f, 0x0f, 0x0a, 0x0f, 0x0a, 0x0a, 0x0a, 0x0a, 0x05, 0x05, 0x05, 0x0a, 0x0f, 0x0f, 0x0f, 0x0f, 0x0f, 0x0f, 0x0a, 0x05, 0x05, 0x05, 0x05, 0x05, 0x0a, 0x0f, 0x0f, 0x0f, 0x0a, 0x0f, 0x0f, 0x0a, 0x0a, 0x05, 0x05, 0x05, 0x05, 0x0a, 0x0f, 0x0f, 0x0f, 0x0a, 0x0a, 0x0f, 0x0f, 0x0a, 0x05, 0x05, 0x05, 0x05, 0x0a, 0x0f, 0x0f, 0x0f, 0x0a, 0x0a, 0x0f, 0x0f, 0x0f, 0x0a, 0x05, 0x05, 0x0a, 0x0f, 0x0f, 0x0f, 0x0f, 0x0f, 0x0a, 0x0f, 0x0f, 0x0f, 0x0f, 0x0a, 0x05, 0x05, 0x0a, 0x0a, 0x0a, 0x0a, 0x0a, 0x0a, 0x0a, 0x0a, 0x0a, 0x0a, 0x0a, 0x0a, 0x05, 0x05, 0x0a, 0x0a, 0x0a, 0x0a, 0x0a, 0x05, 0x0a, 0x0a, 0x0a, 0x0a, 0x05,};
        fontdata[116] = new byte[]{0x05, 0x05, 0x05, 0x05, 0x05, 0x05, 0x05, 0x05, 0x05, 0x05, 0x05, 0x05, 0x05, 0x05, 0x05, 0x05, 0x05, 0x05, 0x05, 0x05, 0x05, 0x05, 0x05, 0x05, 0x05, 0x05, 0x05, 0x05, 0x05, 0x05, 0x05, 0x05, 0x05, 0x05, 0x05, 0x05, 0x05, 0x05, 0x05, 0x05, 0x05, 0x05, 0x05, 0x05, 0x05, 0x05, 0x05, 0x05, 0x05, 0x05, 0x05, 0x05, 0x05, 0x05, 0x05, 0x05, 0x05, 0x05, 0x05, 0x05, 0x05, 0x05, 0x05, 0x05, 0x05, 0x05, 0x05, 0x0a, 0x05, 0x05, 0x05, 0x05, 0x05, 0x05, 0x05, 0x0a, 0x0f, 0x0a, 0x05, 0x05, 0x05, 0x05, 0x05, 0x0a, 0x0f, 0x0f, 0x0a, 0x0a, 0x05, 0x05, 0x05, 0x0a, 0x0f, 0x0f, 0x0f, 0x0a, 0x0a, 0x05, 0x05, 0x0a, 0x0f, 0x0f, 0x0f, 0x0f, 0x0f, 0x0f, 0x0a, 0x05, 0x05, 0x0a, 0x0f, 0x0f, 0x0f, 0x0a, 0x0a, 0x0a, 0x0a, 0x05, 0x0a, 0x0f, 0x0f, 0x0f, 0x0a, 0x0a, 0x0a, 0x05, 0x05, 0x0a, 0x0f, 0x0f, 0x0f, 0x0a, 0x0a, 0x05, 0x05, 0x05, 0x0a, 0x0f, 0x0f, 0x0f, 0x0a, 0x0a, 0x05, 0x05, 0x05, 0x0a, 0x0f, 0x0f, 0x0f, 0x0a, 0x0f, 0x0a, 0x05, 0x05, 0x0a, 0x0f, 0x0f, 0x0f, 0x0f, 0x0a, 0x0a, 0x0a, 0x05, 0x05, 0x0a, 0x0f, 0x0f, 0x0f, 0x0a, 0x0a, 0x05, 0x05, 0x05, 0x05, 0x0a, 0x0a, 0x0a, 0x0a, 0x0a, 0x05, 0x05, 0x05, 0x05, 0x05, 0x0a, 0x0a, 0x0a, 0x05, 0x05,};
        fontdata[105] = new byte[]{0x05, 0x05, 0x05, 0x05, 0x05, 0x05, 0x05, 0x05, 0x05, 0x05, 0x05, 0x05, 0x05, 0x05, 0x05, 0x05, 0x05, 0x05, 0x05, 0x05, 0x05, 0x05, 0x05, 0x05, 0x05, 0x05, 0x05, 0x05, 0x05, 0x05, 0x05, 0x05, 0x05, 0x05, 0x05, 0x05, 0x05, 0x05, 0x05, 0x05, 0x05, 0x05, 0x05, 0x05, 0x05, 0x05, 0x05, 0x05, 0x05, 0x05, 0x0a, 0x0a, 0x0a, 0x05, 0x05, 0x05, 0x05, 0x0a, 0x0f, 0x0f, 0x0f, 0x0a, 0x05, 0x05, 0x05, 0x0a, 0x0f, 0x0f, 0x0f, 0x0a, 0x0a, 0x05, 0x05, 0x0a, 0x0f, 0x0f, 0x0f, 0x0a, 0x0a, 0x05, 0x05, 0x0a, 0x0a, 0x0a, 0x0a, 0x0a, 0x0a, 0x05, 0x0a, 0x0f, 0x0f, 0x0f, 0x0f, 0x0a, 0x05, 0x05, 0x05, 0x0a, 0x0f, 0x0f, 0x0f, 0x0a, 0x0a, 0x05, 0x05, 0x0a, 0x0f, 0x0f, 0x0f, 0x0a, 0x0a, 0x05, 0x05, 0x0a, 0x0f, 0x0f, 0x0f, 0x0a, 0x0a, 0x05, 0x05, 0x0a, 0x0f, 0x0f, 0x0f, 0x0a, 0x0a, 0x05, 0x05, 0x0a, 0x0f, 0x0f, 0x0f, 0x0a, 0x0a, 0x05, 0x05, 0x0a, 0x0f, 0x0f, 0x0f, 0x0a, 0x0a, 0x05, 0x0a, 0x0f, 0x0f, 0x0f, 0x0f, 0x0f, 0x0a, 0x05, 0x05, 0x0a, 0x0a, 0x0a, 0x0a, 0x0a, 0x0a, 0x0a, 0x05, 0x05, 0x0a, 0x0a, 0x0a, 0x0a, 0x0a, 0x05,};
        fontdata[237] = new byte[]{0x05, 0x05, 0x05, 0x05, 0x05, 0x05, 0x05, 0x05, 0x0a, 0x0a, 0x0a, 0x05, 0x05, 0x05, 0x05, 0x05, 0x05, 0x05, 0x05, 0x05, 0x05, 0x05, 0x05, 0x05, 0x05, 0x0a, 0x0f, 0x0f, 0x0f, 0x0a, 0x05, 0x05, 0x05, 0x05, 0x05, 0x05, 0x05, 0x05, 0x05, 0x05, 0x05, 0x05, 0x0a, 0x0f, 0x0f, 0x0f, 0x0a, 0x0a, 0x0a, 0x05, 0x05, 0x05, 0x05, 0x05, 0x05, 0x05, 0x05, 0x05, 0x05, 0x05, 0x0a, 0x0f, 0x0f, 0x0a, 0x0a, 0x0a, 0x05, 0x05, 0x05, 0x05, 0x05, 0x05, 0x05, 0x0a, 0x0a, 0x0a, 0x0a, 0x0a, 0x0f, 0x0f, 0x0a, 0x0a, 0x0a, 0x0a, 0x05, 0x05, 0x05, 0x05, 0x05, 0x05, 0x0a, 0x0f, 0x0f, 0x0f, 0x0f, 0x0f, 0x0f, 0x0f, 0x0f, 0x0f, 0x0f, 0x0f, 0x0a, 0x05, 0x05, 0x05, 0x05, 0x05, 0x05, 0x0a, 0x0a, 0x0f, 0x0f, 0x0f, 0x0a, 0x0a, 0x0a, 0x0f, 0x0f, 0x0f, 0x0f, 0x0a, 0x05, 0x05, 0x05, 0x05, 0x05, 0x05, 0x0a, 0x0f, 0x0f, 0x0f, 0x0a, 0x0a, 0x0a, 0x0a, 0x0f, 0x0f, 0x0f, 0x0f, 0x0a, 0x05, 0x05, 0x05, 0x05, 0x05, 0x0a, 0x0f, 0x0f, 0x0f, 0x0a, 0x0a, 0x05, 0x0a, 0x0f, 0x0f, 0x0f, 0x0f, 0x0a, 0x0a, 0x05, 0x05, 0x05, 0x05, 0x0a, 0x0f, 0x0f, 0x0f, 0x0a, 0x0a, 0x05, 0x0a, 0x0f, 0x0f, 0x0f, 0x0f, 0x0a, 0x0a, 0x05, 0x05, 0x05, 0x05, 0x0a, 0x0f, 0x0f, 0x0f, 0x0a, 0x0a, 0x05, 0x0a, 0x0f, 0x0f, 0x0f, 0x0a, 0x0a, 0x0a, 0x05, 0x05, 0x05, 0x05, 0x0a, 0x0f, 0x0f, 0x0f, 0x0a, 0x0a, 0x0a, 0x0f, 0x0f, 0x0f, 0x0a, 0x0a, 0x0a, 0x05, 0x05, 0x05, 0x05, 0x05, 0x0a, 0x0f, 0x0f, 0x0f, 0x0f, 0x0f, 0x0f, 0x0f, 0x0f, 0x0a, 0x0a, 0x0a, 0x05, 0x05, 0x05, 0x05, 0x05, 0x05, 0x0a, 0x0f, 0x0f, 0x0f, 0x0a, 0x0f, 0x0f, 0x0f, 0x0f, 0x0a, 0x0a, 0x05, 0x05, 0x05, 0x05, 0x05, 0x05, 0x05, 0x0a, 0x0f, 0x0f, 0x0f, 0x0a, 0x0a, 0x0f, 0x0f, 0x0f, 0x0f, 0x0a, 0x05, 0x05, 0x05, 0x05, 0x05, 0x05, 0x05, 0x0a, 0x0f, 0x0f, 0x0f, 0x0a, 0x0a, 0x0a, 0x0f, 0x0f, 0x0f, 0x0f, 0x0a, 0x05, 0x05, 0x05, 0x05, 0x05, 0x05, 0x0a, 0x0f, 0x0f, 0x0f, 0x0a, 0x0a, 0x0a, 0x0f, 0x0f, 0x0f, 0x0f, 0x0f, 0x0a, 0x05, 0x05, 0x05, 0x05, 0x0a, 0x0a, 0x0f, 0x0f, 0x0f, 0x0a, 0x0a, 0x05, 0x0a, 0x0f, 0x0f, 0x0f, 0x0f, 0x0a, 0x0a, 0x05, 0x05, 0x0a, 0x0f, 0x0f, 0x0f, 0x0f, 0x0f, 0x0f, 0x0f, 0x0a, 0x05, 0x0a, 0x0f, 0x0f, 0x0f, 0x0f, 0x0f, 0x0a, 0x05, 0x05, 0x0a, 0x0a, 0x0a, 0x0a, 0x0a, 0x0a, 0x0a, 0x0a, 0x0a, 0x05, 0x0a, 0x0a, 0x0a, 0x0a, 0x0a, 0x0a, 0x0a, 0x05, 0x05, 0x0a, 0x0a, 0x0a, 0x0a, 0x0a, 0x0a, 0x0a, 0x05, 0x05, 0x05, 0x0a, 0x0a, 0x0a, 0x0a, 0x0a, 0x05,};
        fontdata[89] = new byte[]{0x05, 0x05, 0x05, 0x05, 0x05, 0x05, 0x05, 0x05, 0x05, 0x05, 0x05, 0x05, 0x05, 0x05, 0x05, 0x05, 0x05, 0x05, 0x05, 0x05, 0x05, 0x05, 0x05, 0x05, 0x05, 0x05, 0x05, 0x05, 0x05, 0x05, 0x05, 0x05, 0x05, 0x05, 0x05, 0x05, 0x05, 0x05, 0x05, 0x05, 0x05, 0x05, 0x05, 0x05, 0x05, 0x05, 0x05, 0x05, 0x05, 0x05, 0x05, 0x05, 0x05, 0x05, 0x05, 0x05, 0x05, 0x05, 0x05, 0x05, 0x05, 0x05, 0x05, 0x05, 0x05, 0x05, 0x05, 0x05, 0x05, 0x0a, 0x0a, 0x0a, 0x0a, 0x0a, 0x0a, 0x0a, 0x05, 0x05, 0x05, 0x0a, 0x0a, 0x0a, 0x0a, 0x05, 0x05, 0x0a, 0x0f, 0x0f, 0x0f, 0x0f, 0x0f, 0x0f, 0x0f, 0x0a, 0x05, 0x0a, 0x0f, 0x0f, 0x0f, 0x0f, 0x0a, 0x05, 0x05, 0x0a, 0x0a, 0x0f, 0x0f, 0x0f, 0x0f, 0x0a, 0x0a, 0x0a, 0x05, 0x0a, 0x0f, 0x0f, 0x0a, 0x0a, 0x0a, 0x05, 0x05, 0x0a, 0x0f, 0x0f, 0x0f, 0x0f, 0x0a, 0x0a, 0x05, 0x05, 0x0a, 0x0f, 0x0a, 0x0a, 0x0a, 0x05, 0x05, 0x05, 0x05, 0x0a, 0x0f, 0x0f, 0x0f, 0x0f, 0x0a, 0x05, 0x0a, 0x0f, 0x0a, 0x0a, 0x0a, 0x05, 0x05, 0x05, 0x05, 0x05, 0x0a, 0x0f, 0x0f, 0x0f, 0x0f, 0x0a, 0x0a, 0x0a, 0x0f, 0x0a, 0x0a, 0x05, 0x05, 0x05, 0x05, 0x05, 0x05, 0x05, 0x0a, 0x0f, 0x0f, 0x0f, 0x0f, 0x0a, 0x0f, 0x0a, 0x0a, 0x0a, 0x05, 0x05, 0x05, 0x05, 0x05, 0x05, 0x05, 0x05, 0x0a, 0x0f, 0x0f, 0x0f, 0x0a, 0x0f, 0x0a, 0x0a, 0x05, 0x05, 0x05, 0x05, 0x05, 0x05, 0x05, 0x05, 0x05, 0x0a, 0x0f, 0x0f, 0x0f, 0x0f, 0x0a, 0x0a, 0x0a, 0x05, 0x05, 0x05, 0x05, 0x05, 0x05, 0x05, 0x05, 0x05, 0x05, 0x0a, 0x0f, 0x0f, 0x0f, 0x0a, 0x0a, 0x05, 0x05, 0x05, 0x05, 0x05, 0x05, 0x05, 0x05, 0x05, 0x05, 0x05, 0x0a, 0x0f, 0x0f, 0x0f, 0x0a, 0x0a, 0x05, 0x05, 0x05, 0x05, 0x05, 0x05, 0x05, 0x05, 0x05, 0x05, 0x05, 0x0a, 0x0f, 0x0f, 0x0f, 0x0a, 0x0a, 0x05, 0x05, 0x05, 0x05, 0x05, 0x05, 0x05, 0x05, 0x05, 0x05, 0x05, 0x0a, 0x0f, 0x0f, 0x0f, 0x0a, 0x0a, 0x05, 0x05, 0x05, 0x05, 0x05, 0x05, 0x05, 0x05, 0x05, 0x05, 0x0a, 0x0a, 0x0f, 0x0f, 0x0f, 0x0a, 0x0a, 0x05, 0x05, 0x05, 0x05, 0x05, 0x05, 0x05, 0x05, 0x05, 0x0a, 0x0f, 0x0f, 0x0f, 0x0f, 0x0f, 0x0f, 0x0f, 0x0a, 0x05, 0x05, 0x05, 0x05, 0x05, 0x05, 0x05, 0x05, 0x05, 0x0a, 0x0a, 0x0a, 0x0a, 0x0a, 0x0a, 0x0a, 0x0a, 0x0a, 0x05, 0x05, 0x05, 0x05, 0x05, 0x05, 0x05, 0x05, 0x05, 0x0a, 0x0a, 0x0a, 0x0a, 0x0a, 0x0a, 0x0a, 0x05, 0x05, 0x05, 0x05,};
        fontdata[106] = new byte[]{0x05, 0x05, 0x05, 0x05, 0x05, 0x05, 0x05, 0x05, 0x05, 0x05, 0x05, 0x05, 0x05, 0x05, 0x05, 0x05, 0x05, 0x05, 0x05, 0x05, 0x05, 0x05, 0x0a, 0x0a, 0x0a, 0x05, 0x05, 0x05, 0x05, 0x05, 0x0a, 0x0f, 0x0f, 0x0f, 0x0a, 0x05, 0x05, 0x05, 0x05, 0x0a, 0x0f, 0x0f, 0x0f, 0x0a, 0x0a, 0x05, 0x05, 0x05, 0x0a, 0x0f, 0x0f, 0x0f, 0x0a, 0x0a, 0x05, 0x05, 0x05, 0x05, 0x0a, 0x0a, 0x0a, 0x0a, 0x0a, 0x05, 0x05, 0x05, 0x0a, 0x0f, 0x0f, 0x0f, 0x0a, 0x05, 0x05, 0x05, 0x05, 0x0a, 0x0f, 0x0f, 0x0f, 0x0a, 0x0a, 0x05, 0x05, 0x05, 0x0a, 0x0f, 0x0f, 0x0f, 0x0a, 0x0a, 0x05, 0x05, 0x05, 0x0a, 0x0f, 0x0f, 0x0f, 0x0a, 0x0a, 0x05, 0x05, 0x05, 0x0a, 0x0f, 0x0f, 0x0f, 0x0a, 0x0a, 0x05, 0x05, 0x05, 0x0a, 0x0f, 0x0f, 0x0f, 0x0a, 0x0a, 0x05, 0x05, 0x05, 0x0a, 0x0f, 0x0f, 0x0f, 0x0a, 0x0a, 0x05, 0x05, 0x05, 0x0a, 0x0f, 0x0f, 0x0f, 0x0a, 0x0a, 0x05, 0x0a, 0x0a, 0x0a, 0x0f, 0x0f, 0x0f, 0x0a, 0x0a, 0x0a, 0x0f, 0x0f, 0x0f, 0x0f, 0x0f, 0x0f, 0x0a, 0x0a, 0x0a, 0x0f, 0x0f, 0x0f, 0x0f, 0x0f, 0x0f, 0x0a, 0x0a, 0x05, 0x0a, 0x0f, 0x0f, 0x0f, 0x0f, 0x0a, 0x0a, 0x0a, 0x05, 0x05, 0x0a, 0x0a, 0x0a, 0x0a, 0x0a, 0x0a, 0x05, 0x05, 0x05, 0x05, 0x0a, 0x0a, 0x0a, 0x0a, 0x05, 0x05,};
        fontdata[216] = new byte[]{0x05, 0x05, 0x05, 0x05, 0x05, 0x05, 0x05, 0x05, 0x05, 0x0a, 0x0a, 0x0a, 0x05, 0x05, 0x05, 0x05, 0x05, 0x05, 0x05, 0x05, 0x05, 0x05, 0x05, 0x05, 0x05, 0x05, 0x0a, 0x0f, 0x0f, 0x0f, 0x0a, 0x05, 0x05, 0x05, 0x05, 0x05, 0x05, 0x05, 0x05, 0x05, 0x05, 0x05, 0x05, 0x0a, 0x0f, 0x0f, 0x0f, 0x0a, 0x0a, 0x0a, 0x05, 0x05, 0x05, 0x05, 0x05, 0x05, 0x05, 0x05, 0x05, 0x05, 0x0a, 0x0f, 0x0f, 0x0a, 0x0a, 0x0a, 0x0a, 0x05, 0x05, 0x05, 0x05, 0x05, 0x05, 0x0a, 0x0a, 0x0a, 0x0a, 0x0a, 0x05, 0x0a, 0x0a, 0x0a, 0x0a, 0x0a, 0x0a, 0x0a, 0x0a, 0x0a, 0x05, 0x05, 0x0a, 0x0f, 0x0f, 0x0f, 0x0f, 0x0f, 0x0a, 0x05, 0x0a, 0x0a, 0x0a, 0x0f, 0x0f, 0x0f, 0x0f, 0x0f, 0x0a, 0x05, 0x05, 0x0a, 0x0a, 0x0f, 0x0f, 0x0f, 0x0f, 0x0a, 0x05, 0x05, 0x05, 0x0a, 0x0a, 0x0f, 0x0a, 0x0a, 0x0a, 0x0a, 0x05, 0x05, 0x0a, 0x0f, 0x0f, 0x0f, 0x0f, 0x0f, 0x0a, 0x05, 0x05, 0x05, 0x0a, 0x0f, 0x0a, 0x0a, 0x0a, 0x05, 0x05, 0x05, 0x0a, 0x0f, 0x0f, 0x0f, 0x0f, 0x0f, 0x0f, 0x0a, 0x05, 0x05, 0x0a, 0x0f, 0x0a, 0x0a, 0x05, 0x05, 0x05, 0x05, 0x0a, 0x0f, 0x0a, 0x0f, 0x0f, 0x0f, 0x0f, 0x0a, 0x0a, 0x05, 0x0a, 0x0f, 0x0a, 0x0a, 0x05, 0x05, 0x05, 0x05, 0x0a, 0x0f, 0x0a, 0x0a, 0x0f, 0x0f, 0x0f, 0x0f, 0x0a, 0x05, 0x0a, 0x0f, 0x0a, 0x0a, 0x05, 0x05, 0x05, 0x05, 0x0a, 0x0f, 0x0a, 0x0a, 0x0a, 0x0f, 0x0f, 0x0f, 0x0f, 0x0a, 0x0a, 0x0f, 0x0a, 0x0a, 0x05, 0x05, 0x05, 0x05, 0x0a, 0x0f, 0x0a, 0x0a, 0x05, 0x0a, 0x0f, 0x0f, 0x0f, 0x0f, 0x0a, 0x0f, 0x0a, 0x0a, 0x05, 0x05, 0x05, 0x05, 0x0a, 0x0f, 0x0a, 0x0a, 0x05, 0x0a, 0x0f, 0x0f, 0x0f, 0x0f, 0x0f, 0x0f, 0x0a, 0x0a, 0x05, 0x05, 0x05, 0x05, 0x0a, 0x0f, 0x0a, 0x0a, 0x05, 0x05, 0x0a, 0x0f, 0x0f, 0x0f, 0x0f, 0x0f, 0x0a, 0x0a, 0x05, 0x05, 0x05, 0x05, 0x0a, 0x0f, 0x0a, 0x0a, 0x05, 0x05, 0x05, 0x0a, 0x0f, 0x0f, 0x0f, 0x0f, 0x0a, 0x0a, 0x05, 0x05, 0x05, 0x05, 0x0a, 0x0f, 0x0a, 0x0a, 0x05, 0x05, 0x05, 0x05, 0x0a, 0x0f, 0x0f, 0x0f, 0x0a, 0x0a, 0x05, 0x05, 0x05, 0x0a, 0x0a, 0x0f, 0x0a, 0x0a, 0x05, 0x05, 0x05, 0x05, 0x05, 0x0a, 0x0f, 0x0f, 0x0a, 0x0a, 0x05, 0x05, 0x0a, 0x0f, 0x0f, 0x0f, 0x0f, 0x0f, 0x0a, 0x05, 0x05, 0x05, 0x05, 0x05, 0x0a, 0x0f, 0x0a, 0x0a, 0x05, 0x05, 0x05, 0x0a, 0x0a, 0x0a, 0x0a, 0x0a, 0x0a, 0x0a, 0x05, 0x05, 0x05, 0x05, 0x05, 0x0a, 0x0a, 0x0a, 0x05, 0x05, 0x05, 0x05, 0x0a, 0x0a, 0x0a, 0x0a, 0x0a, 0x05, 0x05, 0x05, 0x05, 0x05, 0x05, 0x05, 0x0a, 0x05, 0x05, 0x05,};
        fontdata[118] = new byte[]{0x05, 0x05, 0x05, 0x05, 0x05, 0x05, 0x05, 0x05, 0x05, 0x05, 0x05, 0x05, 0x05, 0x05, 0x05, 0x05, 0x05, 0x05, 0x05, 0x05, 0x05, 0x05, 0x05, 0x05, 0x05, 0x05, 0x05, 0x05, 0x05, 0x05, 0x05, 0x05, 0x05, 0x05, 0x05, 0x05, 0x05, 0x05, 0x05, 0x05, 0x05, 0x05, 0x05, 0x05, 0x05, 0x05, 0x05, 0x05, 0x05, 0x05, 0x05, 0x05, 0x05, 0x05, 0x05, 0x05, 0x05, 0x05, 0x05, 0x05, 0x05, 0x05, 0x05, 0x05, 0x05, 0x05, 0x05, 0x05, 0x05, 0x05, 0x05, 0x05, 0x05, 0x05, 0x05, 0x05, 0x05, 0x05, 0x05, 0x05, 0x05, 0x05, 0x05, 0x05, 0x05, 0x05, 0x05, 0x05, 0x05, 0x05, 0x05, 0x05, 0x05, 0x05, 0x05, 0x05, 0x05, 0x05, 0x05, 0x05, 0x05, 0x05, 0x05, 0x05, 0x05, 0x05, 0x05, 0x05, 0x05, 0x05, 0x05, 0x05, 0x05, 0x05, 0x05, 0x05, 0x05, 0x05, 0x05, 0x05, 0x05, 0x0a, 0x0a, 0x0a, 0x0a, 0x0a, 0x05, 0x0a, 0x0a, 0x0a, 0x05, 0x05, 0x0a, 0x0f, 0x0f, 0x0f, 0x0f, 0x0f, 0x0a, 0x0f, 0x0f, 0x0f, 0x0a, 0x05, 0x05, 0x0a, 0x0f, 0x0f, 0x0f, 0x0a, 0x0a, 0x0a, 0x0f, 0x0a, 0x0a, 0x0a, 0x05, 0x05, 0x0a, 0x0f, 0x0f, 0x0f, 0x0a, 0x0f, 0x0a, 0x0a, 0x0a, 0x05, 0x05, 0x05, 0x0a, 0x0f, 0x0f, 0x0f, 0x0a, 0x0f, 0x0a, 0x0a, 0x05, 0x05, 0x05, 0x05, 0x05, 0x0a, 0x0f, 0x0f, 0x0f, 0x0a, 0x0a, 0x0a, 0x05, 0x05, 0x05, 0x05, 0x05, 0x0a, 0x0f, 0x0f, 0x0f, 0x0a, 0x0a, 0x05, 0x05, 0x05, 0x05, 0x05, 0x05, 0x05, 0x0a, 0x0f, 0x0a, 0x0a, 0x0a, 0x05, 0x05, 0x05, 0x05, 0x05, 0x05, 0x05, 0x0a, 0x0f, 0x0a, 0x0a, 0x05, 0x05, 0x05, 0x05, 0x05, 0x05, 0x05, 0x05, 0x05, 0x0a, 0x0a, 0x0a, 0x05, 0x05, 0x05, 0x05, 0x05, 0x05, 0x05, 0x05, 0x05, 0x05, 0x0a, 0x05, 0x05, 0x05, 0x05, 0x05,};
        fontdata[213] = new byte[]{0x05, 0x05, 0x05, 0x05, 0x0a, 0x0a, 0x05, 0x05, 0x0a, 0x0a, 0x05, 0x05, 0x05, 0x05, 0x05, 0x05, 0x05, 0x05, 0x0a, 0x0f, 0x0f, 0x0a, 0x0a, 0x0f, 0x0f, 0x0a, 0x05, 0x05, 0x05, 0x05, 0x05, 0x05, 0x05, 0x05, 0x0a, 0x0f, 0x0f, 0x0f, 0x0f, 0x0a, 0x0a, 0x0a, 0x05, 0x05, 0x05, 0x05, 0x05, 0x05, 0x05, 0x05, 0x0a, 0x0f, 0x0f, 0x0a, 0x0a, 0x0a, 0x05, 0x05, 0x05, 0x05, 0x05, 0x05, 0x0a, 0x0a, 0x0a, 0x0a, 0x0f, 0x0a, 0x0a, 0x0a, 0x0a, 0x0a, 0x05, 0x05, 0x05, 0x05, 0x0a, 0x0f, 0x0f, 0x0f, 0x0f, 0x0f, 0x0f, 0x0f, 0x0f, 0x0f, 0x0f, 0x0a, 0x05, 0x05, 0x05, 0x0a, 0x0f, 0x0f, 0x0f, 0x0a, 0x0a, 0x0a, 0x0f, 0x0f, 0x0f, 0x0f, 0x0a, 0x0a, 0x05, 0x05, 0x0a, 0x0f, 0x0a, 0x0a, 0x0a, 0x0a, 0x0a, 0x0f, 0x0f, 0x0f, 0x0a, 0x0a, 0x0a, 0x05, 0x05, 0x0a, 0x0f, 0x0a, 0x0a, 0x0a, 0x0a, 0x0f, 0x0f, 0x0f, 0x0f, 0x0a, 0x0a, 0x05, 0x05, 0x0a, 0x0f, 0x0a, 0x0a, 0x0a, 0x05, 0x0a, 0x0f, 0x0f, 0x0f, 0x0a, 0x0a, 0x0a, 0x05, 0x05, 0x05, 0x0a, 0x0a, 0x0a, 0x05, 0x0a, 0x0f, 0x0f, 0x0f, 0x0a, 0x0a, 0x0a, 0x05, 0x05, 0x05, 0x05, 0x05, 0x0a, 0x05, 0x0a, 0x0f, 0x0f, 0x0f, 0x0f, 0x0a, 0x0a, 0x05, 0x05, 0x05, 0x05, 0x05, 0x05, 0x05, 0x05, 0x0a, 0x0f, 0x0f, 0x0f, 0x0a, 0x0a, 0x0a, 0x05, 0x05, 0x05, 0x05, 0x05, 0x05, 0x05, 0x0a, 0x0f, 0x0f, 0x0f, 0x0f, 0x0a, 0x0a, 0x05, 0x05, 0x0a, 0x05, 0x05, 0x05, 0x05, 0x0a, 0x0f, 0x0f, 0x0f, 0x0f, 0x0a, 0x0a, 0x0a, 0x05, 0x0a, 0x0f, 0x0a, 0x05, 0x05, 0x05, 0x0a, 0x0f, 0x0f, 0x0f, 0x0a, 0x0a, 0x0a, 0x05, 0x05, 0x0a, 0x0f, 0x0a, 0x0a, 0x05, 0x0a, 0x0f, 0x0f, 0x0f, 0x0f, 0x0a, 0x0a, 0x05, 0x05, 0x0a, 0x0f, 0x0f, 0x0a, 0x0a, 0x05, 0x0a, 0x0f, 0x0f, 0x0f, 0x0a, 0x0a, 0x0a, 0x0a, 0x0a, 0x0f, 0x0f, 0x0f, 0x0a, 0x0a, 0x0a, 0x0f, 0x0f, 0x0f, 0x0f, 0x0f, 0x0f, 0x0f, 0x0f, 0x0f, 0x0f, 0x0f, 0x0f, 0x0a, 0x0a, 0x05, 0x0a, 0x0a, 0x0a, 0x0a, 0x0a, 0x0a, 0x0a, 0x0a, 0x0a, 0x0a, 0x0a, 0x0a, 0x0a, 0x0a, 0x05, 0x05, 0x0a, 0x0a, 0x0a, 0x0a, 0x0a, 0x0a, 0x0a, 0x0a, 0x0a, 0x0a, 0x0a, 0x0a, 0x05,};
        fontdata[110] = new byte[]{0x05, 0x05, 0x05, 0x05, 0x05, 0x05, 0x05, 0x05, 0x05, 0x05, 0x05, 0x05, 0x05, 0x05, 0x05, 0x05, 0x05, 0x05, 0x05, 0x05, 0x05, 0x05, 0x05, 0x05, 0x05, 0x05, 0x05, 0x05, 0x05, 0x05, 0x05, 0x05, 0x05, 0x05, 0x05, 0x05, 0x05, 0x05, 0x05, 0x05, 0x05, 0x05, 0x05, 0x05, 0x05, 0x05, 0x05, 0x05, 0x05, 0x05, 0x05, 0x05, 0x05, 0x05, 0x05, 0x05, 0x05, 0x05, 0x05, 0x05, 0x05, 0x05, 0x05, 0x05, 0x05, 0x05, 0x05, 0x05, 0x05, 0x05, 0x05, 0x05, 0x05, 0x05, 0x05, 0x05, 0x05, 0x05, 0x05, 0x05, 0x05, 0x05, 0x05, 0x05, 0x05, 0x05, 0x05, 0x05, 0x05, 0x05, 0x05, 0x05, 0x05, 0x05, 0x05, 0x05, 0x05, 0x05, 0x05, 0x05, 0x05, 0x05, 0x05, 0x05, 0x05, 0x05, 0x05, 0x05, 0x05, 0x05, 0x05, 0x05, 0x05, 0x05, 0x05, 0x05, 0x05, 0x05, 0x05, 0x05, 0x05, 0x05, 0x05, 0x05, 0x05, 0x05, 0x05, 0x05, 0x05, 0x05, 0x05, 0x0a, 0x0a, 0x0a, 0x0a, 0x05, 0x0a, 0x0a, 0x0a, 0x05, 0x05, 0x05, 0x05, 0x0a, 0x0f, 0x0f, 0x0f, 0x0f, 0x0a, 0x0f, 0x0f, 0x0f, 0x0a, 0x05, 0x05, 0x05, 0x05, 0x0a, 0x0f, 0x0f, 0x0f, 0x0f, 0x0f, 0x0f, 0x0f, 0x0f, 0x0a, 0x05, 0x05, 0x05, 0x0a, 0x0f, 0x0f, 0x0f, 0x0a, 0x0a, 0x0f, 0x0f, 0x0f, 0x0a, 0x0a, 0x05, 0x05, 0x0a, 0x0f, 0x0f, 0x0f, 0x0a, 0x0a, 0x0f, 0x0f, 0x0f, 0x0a, 0x0a, 0x05, 0x05, 0x0a, 0x0f, 0x0f, 0x0f, 0x0a, 0x0a, 0x0f, 0x0f, 0x0f, 0x0a, 0x0a, 0x05, 0x05, 0x0a, 0x0f, 0x0f, 0x0f, 0x0a, 0x0a, 0x0f, 0x0f, 0x0f, 0x0a, 0x0a, 0x05, 0x05, 0x0a, 0x0f, 0x0f, 0x0f, 0x0a, 0x0a, 0x0f, 0x0f, 0x0f, 0x0a, 0x0a, 0x05, 0x0a, 0x0f, 0x0f, 0x0f, 0x0f, 0x0f, 0x0f, 0x0f, 0x0f, 0x0f, 0x0f, 0x0a, 0x05, 0x05, 0x0a, 0x0a, 0x0a, 0x0a, 0x0a, 0x0a, 0x0a, 0x0a, 0x0a, 0x0a, 0x0a, 0x0a, 0x05, 0x05, 0x0a, 0x0a, 0x0a, 0x0a, 0x0a, 0x0a, 0x0a, 0x0a, 0x0a, 0x0a, 0x05,};
        fontdata[87] = new byte[]{0x05, 0x05, 0x05, 0x05, 0x05, 0x05, 0x05, 0x05, 0x05, 0x05, 0x05, 0x05, 0x05, 0x05, 0x05, 0x05, 0x05, 0x05, 0x05, 0x05, 0x05, 0x05, 0x05, 0x05, 0x05, 0x05, 0x05, 0x05, 0x05, 0x05, 0x05, 0x05, 0x05, 0x05, 0x05, 0x05, 0x05, 0x05, 0x05, 0x05, 0x05, 0x05, 0x05, 0x05, 0x05, 0x05, 0x05, 0x05, 0x05, 0x05, 0x05, 0x05, 0x05, 0x05, 0x05, 0x05, 0x05, 0x05, 0x05, 0x05, 0x05, 0x05, 0x05, 0x05, 0x05, 0x05, 0x05, 0x05, 0x05, 0x05, 0x05, 0x05, 0x05, 0x05, 0x05, 0x05, 0x05, 0x05, 0x05, 0x05, 0x05, 0x05, 0x05, 0x05, 0x05, 0x05, 0x05, 0x05, 0x05, 0x05, 0x05, 0x05, 0x05, 0x0a, 0x0a, 0x0a, 0x0a, 0x0a, 0x0a, 0x05, 0x05, 0x0a, 0x0a, 0x0a, 0x0a, 0x0a, 0x0a, 0x05, 0x05, 0x0a, 0x0a, 0x0a, 0x0a, 0x05, 0x05, 0x0a, 0x0f, 0x0f, 0x0f, 0x0f, 0x0f, 0x0f, 0x0a, 0x0a, 0x0f, 0x0f, 0x0f, 0x0f, 0x0f, 0x0f, 0x0a, 0x0a, 0x0f, 0x0f, 0x0f, 0x0f, 0x0a, 0x05, 0x05, 0x0a, 0x0f, 0x0f, 0x0f, 0x0f, 0x0a, 0x0a, 0x0a, 0x0a, 0x0f, 0x0f, 0x0f, 0x0f, 0x0a, 0x0a, 0x0a, 0x0a, 0x0a, 0x0f, 0x0a, 0x0a, 0x0a, 0x05, 0x05, 0x0a, 0x0f, 0x0f, 0x0f, 0x0a, 0x0a, 0x05, 0x0a, 0x0f, 0x0f, 0x0f, 0x0f, 0x0a, 0x0a, 0x05, 0x0a, 0x0f, 0x0a, 0x0a, 0x0a, 0x05, 0x05, 0x05, 0x0a, 0x0f, 0x0f, 0x0f, 0x0a, 0x0a, 0x05, 0x05, 0x0a, 0x0f, 0x0f, 0x0f, 0x0a, 0x0a, 0x05, 0x0a, 0x0f, 0x0a, 0x0a, 0x05, 0x05, 0x05, 0x05, 0x0a, 0x0f, 0x0f, 0x0f, 0x0f, 0x0a, 0x05, 0x05, 0x0a, 0x0f, 0x0f, 0x0f, 0x0a, 0x0a, 0x05, 0x0a, 0x0f, 0x0a, 0x0a, 0x05, 0x05, 0x05, 0x05, 0x05, 0x0a, 0x0f, 0x0f, 0x0f, 0x0a, 0x0a, 0x0a, 0x0f, 0x0a, 0x0f, 0x0f, 0x0f, 0x0a, 0x0a, 0x0f, 0x0a, 0x0a, 0x0a, 0x05, 0x05, 0x05, 0x05, 0x05, 0x0a, 0x0f, 0x0f, 0x0f, 0x0a, 0x0a, 0x0a, 0x0f, 0x0a, 0x0f, 0x0f, 0x0f, 0x0a, 0x0a, 0x0f, 0x0a, 0x0a, 0x05, 0x05, 0x05, 0x05, 0x05, 0x05, 0x0a, 0x0f, 0x0f, 0x0f, 0x0f, 0x0a, 0x0f, 0x0a, 0x0a, 0x0f, 0x0f, 0x0f, 0x0a, 0x0a, 0x0f, 0x0a, 0x0a, 0x05, 0x05, 0x05, 0x05, 0x05, 0x05, 0x05, 0x0a, 0x0f, 0x0f, 0x0f, 0x0a, 0x0f, 0x0a, 0x0a, 0x0a, 0x0f, 0x0f, 0x0f, 0x0f, 0x0a, 0x0a, 0x0a, 0x05, 0x05, 0x05, 0x05, 0x05, 0x05, 0x05, 0x0a, 0x0f, 0x0f, 0x0f, 0x0f, 0x0a, 0x0a, 0x0a, 0x0a, 0x0f, 0x0f, 0x0f, 0x0f, 0x0a, 0x0a, 0x05, 0x05, 0x05, 0x05, 0x05, 0x05, 0x05, 0x05, 0x05, 0x0a, 0x0f, 0x0f, 0x0f, 0x0a, 0x0a, 0x05, 0x0a, 0x0f, 0x0f, 0x0f, 0x0f, 0x0a, 0x0a, 0x05, 0x05, 0x05, 0x05, 0x05, 0x05, 0x05, 0x05, 0x05, 0x0a, 0x0f, 0x0f, 0x0a, 0x0a, 0x0a, 0x05, 0x05, 0x0a, 0x0f, 0x0f, 0x0a, 0x0a, 0x0a, 0x05, 0x05, 0x05, 0x05, 0x05, 0x05, 0x05, 0x05, 0x05, 0x0a, 0x0f, 0x0f, 0x0a, 0x0a, 0x05, 0x05, 0x05, 0x0a, 0x0f, 0x0f, 0x0a, 0x0a, 0x05, 0x05, 0x05, 0x05, 0x05, 0x05, 0x05, 0x05, 0x05, 0x05, 0x05, 0x0a, 0x0f, 0x0a, 0x0a, 0x05, 0x05, 0x05, 0x05, 0x0a, 0x0f, 0x0a, 0x0a, 0x05, 0x05, 0x05, 0x05, 0x05, 0x05, 0x05, 0x05, 0x05, 0x05, 0x05, 0x05, 0x0a, 0x0a, 0x0a, 0x05, 0x05, 0x05, 0x05, 0x05, 0x0a, 0x0a, 0x0a, 0x05, 0x05, 0x05, 0x05, 0x05, 0x05, 0x05, 0x05, 0x05, 0x05, 0x05, 0x05, 0x05, 0x0a, 0x05, 0x05, 0x05, 0x05, 0x05, 0x05, 0x05, 0x0a, 0x05, 0x05, 0x05, 0x05, 0x05, 0x05,};
    }

    // Zeichen aus Font-Bild ausschneiden
    private synchronized GenericImage cutChar(int code) {
        int[] pixels = convertArray(fontdata[code]);

        // System.out.print (".");

        // GenericImage aus Ausschnitt erzeugen und zurueckgeben
        return GenericToolkit.getDefaultToolkit().createImage(
                new GenericMemoryImageSource(fontTable[code][2], charHeight,
                        pixels, 0, fontTable[code][2]));
    }

    private int[] convertArray(byte[] tmp) {
        int[] xx = new int[tmp.length];

        for (int i = 0; i < tmp.length; i++) {
            switch (tmp[i]) {
                case 5:
                    // Transparenz
                    xx[i] = 0x00c0c0c0;
                    break;
                case 10:
                    // Schwarzer Schatten
                    xx[i] = 0xff000000;
                    break;
                case 15:
                    // Textfarbe
                    xx[i] = 0xff00ff00;
                    break;
                case 20:
                    // Randfarbe
                    xx[i] = 0xff000000;
                    break;
                default:
                    log.warn("{}?", tmp[i]);
            }
        }

        return xx;
    }
}